date,book,equity
2026-07-22,tsmom_12m,99955.08
2026-07-22T13:30,tsmom_12m,100053.65
2026-07-22T14:30,tsmom_12m,100084.71
2026-07-22T15:30,tsmom_12m,100066.96
2026-07-22T16:30,tsmom_12m,100058.0
2026-07-22T17:30,tsmom_12m,100032.89
2026-07-22T18:30,tsmom_12m,99984.96
2026-07-22T19:30,tsmom_12m,99951.97
2026-07-23,tsmom_12m,99664.45
2026-07-23T13:30,tsmom_12m,99729.36
2026-07-23T14:30,tsmom_12m,99592.02
2026-07-23T15:30,tsmom_12m,99731.86
2026-07-23T16:30,tsmom_12m,99706.86
2026-07-23T17:30,tsmom_12m,99654.03
2026-07-23T18:30,tsmom_12m,99648.66
2026-07-23T19:30,tsmom_12m,99674.23
2026-07-24,tsmom_12m,99704.31
2026-07-24T13:30,tsmom_12m,99771.43
2026-07-24T14:30,tsmom_12m,99870.52
2026-07-24T15:30,tsmom_12m,99889.43
2026-07-24T16:30,tsmom_12m,99821.11
2026-07-24T17:30,tsmom_12m,99733.19
2026-07-24T18:30,tsmom_12m,99687.98
2026-07-24T19:30,tsmom_12m,99704.13
2026-07-24T21:44,tsmom_12m,99664.45
2026-07-24T21:45,tsmom_12m,99664.45
2026-07-24T21:50,tsmom_12m,99664.45
2026-07-24T22:20,tsmom_12m,99664.45
2026-07-24T22:50,tsmom_12m,99664.45
2026-07-24T23:20,tsmom_12m,99664.45
2026-07-24T23:51,tsmom_12m,99664.45
2026-07-25T00:21,tsmom_12m,99664.45
2026-07-25T11:48,tsmom_12m,99664.45
2026-07-25T12:18,tsmom_12m,99664.45
2026-07-25T14:57,tsmom_12m,99664.45
2026-07-25T15:27,tsmom_12m,99664.45
2026-07-25T15:57,tsmom_12m,99664.45
2026-07-25T16:27,tsmom_12m,99664.45
2026-07-25T16:57,tsmom_12m,99664.45
2026-07-25T17:27,tsmom_12m,99664.45
2026-07-25T17:57,tsmom_12m,99664.45
2026-07-25T18:27,tsmom_12m,99664.45
2026-07-25T19:40,tsmom_12m,99664.45
2026-07-25T19:45,tsmom_12m,99664.45
2026-07-26T03:00,tsmom_12m,99704.31
2026-07-26T11:20,tsmom_12m,99704.31
2026-07-26T13:25,tsmom_12m,99704.31
2026-07-26T17:03,tsmom_12m,99664.45
2026-07-26T19:13,tsmom_12m,99704.31
2026-07-26T20:59,tsmom_12m,99704.31
2026-07-27T00:01,tsmom_12m,99704.31
2026-07-27T04:37,tsmom_12m,99704.31
2026-07-27T13:30,tsmom_12m,99627.6
2026-07-27T14:30,tsmom_12m,99665.85
2026-07-27T15:30,tsmom_12m,99625.99
2026-07-27T16:30,tsmom_12m,99563.07
2026-07-27T17:30,tsmom_12m,99572.61
2026-07-27T18:30,tsmom_12m,99683.4
2026-07-27T19:30,tsmom_12m,99653.88
2026-07-22,tsmom_ensemble,99967.49
2026-07-22T13:30,tsmom_ensemble,100025.98
2026-07-22T14:30,tsmom_ensemble,100013.72
2026-07-22T15:30,tsmom_ensemble,100019.45
2026-07-22T16:30,tsmom_ensemble,100022.16
2026-07-22T17:30,tsmom_ensemble,100004.16
2026-07-22T18:30,tsmom_ensemble,99993.25
2026-07-22T19:30,tsmom_ensemble,99967.8
2026-07-23,tsmom_ensemble,99953.77
2026-07-23T13:30,tsmom_ensemble,100044.88
2026-07-23T14:30,tsmom_ensemble,99932.57
2026-07-23T15:30,tsmom_ensemble,99998.43
2026-07-23T16:30,tsmom_ensemble,99988.86
2026-07-23T17:30,tsmom_ensemble,99942.77
2026-07-23T18:30,tsmom_ensemble,99941.29
2026-07-23T19:30,tsmom_ensemble,99963.97
2026-07-24,tsmom_ensemble,99933.89
2026-07-24T13:30,tsmom_ensemble,99907.09
2026-07-24T14:30,tsmom_ensemble,99952.78
2026-07-24T15:30,tsmom_ensemble,99979.67
2026-07-24T16:30,tsmom_ensemble,99990.76
2026-07-24T17:30,tsmom_ensemble,99938.62
2026-07-24T18:30,tsmom_ensemble,99901.18
2026-07-24T19:30,tsmom_ensemble,99932.45
2026-07-24T21:44,tsmom_ensemble,99953.77
2026-07-24T21:45,tsmom_ensemble,99953.77
2026-07-24T21:50,tsmom_ensemble,99953.77
2026-07-24T22:20,tsmom_ensemble,99953.77
2026-07-24T22:50,tsmom_ensemble,99953.77
2026-07-24T23:20,tsmom_ensemble,99953.77
2026-07-24T23:51,tsmom_ensemble,99953.77
2026-07-25T00:21,tsmom_ensemble,99953.77
2026-07-25T11:48,tsmom_ensemble,99953.77
2026-07-25T12:18,tsmom_ensemble,99953.77
2026-07-25T14:57,tsmom_ensemble,99953.77
2026-07-25T15:27,tsmom_ensemble,99953.77
2026-07-25T15:57,tsmom_ensemble,99953.77
2026-07-25T16:27,tsmom_ensemble,99953.77
2026-07-25T16:57,tsmom_ensemble,99953.77
2026-07-25T17:27,tsmom_ensemble,99953.77
2026-07-25T17:57,tsmom_ensemble,99953.77
2026-07-25T18:27,tsmom_ensemble,99953.77
2026-07-25T19:40,tsmom_ensemble,99953.77
2026-07-25T19:45,tsmom_ensemble,99953.77
2026-07-26T03:00,tsmom_ensemble,99933.89
2026-07-26T11:20,tsmom_ensemble,99933.89
2026-07-26T13:25,tsmom_ensemble,99933.89
2026-07-26T17:03,tsmom_ensemble,99953.77
2026-07-26T19:13,tsmom_ensemble,99933.89
2026-07-26T20:59,tsmom_ensemble,99933.89
2026-07-27T00:01,tsmom_ensemble,99933.89
2026-07-27T04:37,tsmom_ensemble,99933.89
2026-07-27T13:30,tsmom_ensemble,99722.81
2026-07-27T14:30,tsmom_ensemble,99707.23
2026-07-27T15:30,tsmom_ensemble,99678.84
2026-07-27T16:30,tsmom_ensemble,99632.14
2026-07-27T17:30,tsmom_ensemble,99653.78
2026-07-27T18:30,tsmom_ensemble,99722.27
2026-07-27T19:30,tsmom_ensemble,99700.35
2026-07-22,green_line_200d,99955.08
2026-07-22T13:30,green_line_200d,99993.52
2026-07-22T14:30,green_line_200d,99959.6
2026-07-22T15:30,green_line_200d,99977.07
2026-07-22T16:30,green_line_200d,99985.61
2026-07-22T17:30,green_line_200d,99971.18
2026-07-22T18:30,green_line_200d,99978.77
2026-07-22T19:30,green_line_200d,99957.09
2026-07-23,green_line_200d,100079.81
2026-07-23T13:30,green_line_200d,100184.02
2026-07-23T14:30,green_line_200d,100084.22
2026-07-23T15:30,green_line_200d,100113.1
2026-07-23T16:30,green_line_200d,100111.23
2026-07-23T17:30,green_line_200d,100068.51
2026-07-23T18:30,green_line_200d,100068.98
2026-07-23T19:30,green_line_200d,100090.22
2026-07-24,green_line_200d,100030.06
2026-07-24T13:30,green_line_200d,99956.29
2026-07-24T14:30,green_line_200d,99975.29
2026-07-24T15:30,green_line_200d,100006.16
2026-07-24T16:30,green_line_200d,100056.96
2026-07-24T17:30,green_line_200d,100022.7
2026-07-24T18:30,green_line_200d,99989.16
2026-07-24T19:30,green_line_200d,100027.99
2026-07-24T21:44,green_line_200d,100079.81
2026-07-24T21:45,green_line_200d,100079.81
2026-07-24T21:50,green_line_200d,100079.81
2026-07-24T22:20,green_line_200d,100079.81
2026-07-24T22:50,green_line_200d,100079.81
2026-07-24T23:20,green_line_200d,100079.81
2026-07-24T23:51,green_line_200d,100079.81
2026-07-25T00:21,green_line_200d,100079.81
2026-07-25T11:48,green_line_200d,100079.81
2026-07-25T12:18,green_line_200d,100079.81
2026-07-25T14:57,green_line_200d,100079.81
2026-07-25T15:27,green_line_200d,100079.81
2026-07-25T15:57,green_line_200d,100079.81
2026-07-25T16:27,green_line_200d,100079.81
2026-07-25T16:57,green_line_200d,100079.81
2026-07-25T17:27,green_line_200d,100079.81
2026-07-25T17:57,green_line_200d,100079.81
2026-07-25T18:27,green_line_200d,100079.81
2026-07-25T19:40,green_line_200d,100079.81
2026-07-25T19:45,green_line_200d,100079.81
2026-07-26T03:00,green_line_200d,100030.06
2026-07-26T11:20,green_line_200d,100030.06
2026-07-26T13:25,green_line_200d,100030.06
2026-07-26T17:03,green_line_200d,100079.81
2026-07-26T19:13,green_line_200d,100030.06
2026-07-26T20:59,green_line_200d,100030.06
2026-07-27T00:01,green_line_200d,100030.06
2026-07-27T04:37,green_line_200d,100030.06
2026-07-27T13:30,green_line_200d,99751.8
2026-07-27T14:30,green_line_200d,99709.3
2026-07-27T15:30,green_line_200d,99686.64
2026-07-27T16:30,green_line_200d,99648.05
2026-07-27T17:30,green_line_200d,99675.74
2026-07-27T18:30,green_line_200d,99723.08
2026-07-27T19:30,green_line_200d,99704.96
2026-07-22,turn_of_month,100000.0
2026-07-22T13:30,turn_of_month,100000.0
2026-07-22T14:30,turn_of_month,100000.0
2026-07-22T15:30,turn_of_month,100000.0
2026-07-22T16:30,turn_of_month,100000.0
2026-07-22T17:30,turn_of_month,100000.0
2026-07-22T18:30,turn_of_month,100000.0
2026-07-22T19:30,turn_of_month,100000.0
2026-07-23,turn_of_month,100000.0
2026-07-23T13:30,turn_of_month,100000.0
2026-07-23T14:30,turn_of_month,100000.0
2026-07-23T15:30,turn_of_month,100000.0
2026-07-23T16:30,turn_of_month,100000.0
2026-07-23T17:30,turn_of_month,100000.0
2026-07-23T18:30,turn_of_month,100000.0
2026-07-23T19:30,turn_of_month,100000.0
2026-07-24,turn_of_month,100000.0
2026-07-24T13:30,turn_of_month,100000.0
2026-07-24T14:30,turn_of_month,100000.0
2026-07-24T15:30,turn_of_month,100000.0
2026-07-24T16:30,turn_of_month,100000.0
2026-07-24T17:30,turn_of_month,100000.0
2026-07-24T18:30,turn_of_month,100000.0
2026-07-24T19:30,turn_of_month,100000.0
2026-07-24T21:44,turn_of_month,100000.0
2026-07-24T21:45,turn_of_month,100000.0
2026-07-24T21:50,turn_of_month,100000.0
2026-07-24T22:20,turn_of_month,100000.0
2026-07-24T22:50,turn_of_month,100000.0
2026-07-24T23:20,turn_of_month,100000.0
2026-07-24T23:51,turn_of_month,100000.0
2026-07-25T00:21,turn_of_month,100000.0
2026-07-25T11:48,turn_of_month,100000.0
2026-07-25T12:18,turn_of_month,100000.0
2026-07-25T14:57,turn_of_month,100000.0
2026-07-25T15:27,turn_of_month,100000.0
2026-07-25T15:57,turn_of_month,100000.0
2026-07-25T16:27,turn_of_month,100000.0
2026-07-25T16:57,turn_of_month,100000.0
2026-07-25T17:27,turn_of_month,100000.0
2026-07-25T17:57,turn_of_month,100000.0
2026-07-25T18:27,turn_of_month,100000.0
2026-07-25T19:40,turn_of_month,100000.0
2026-07-25T19:45,turn_of_month,100000.0
2026-07-26T03:00,turn_of_month,100000.0
2026-07-26T06:38,turn_of_month,100000.0
2026-07-26T09:13,turn_of_month,100000.0
2026-07-26T11:20,turn_of_month,100000.0
2026-07-26T13:25,turn_of_month,100000.0
2026-07-26T15:06,turn_of_month,100000.0
2026-07-26T17:03,turn_of_month,100000.0
2026-07-26T19:13,turn_of_month,100000.0
2026-07-26T20:59,turn_of_month,100000.0
2026-07-27T00:01,turn_of_month,100000.0
2026-07-27T04:37,turn_of_month,100000.0
2026-07-27T13:30,turn_of_month,100000.0
2026-07-27T14:30,turn_of_month,100000.0
2026-07-27T15:30,turn_of_month,100000.0
2026-07-27T16:30,turn_of_month,100000.0
2026-07-27T17:30,turn_of_month,100000.0
2026-07-27T18:30,turn_of_month,100000.0
2026-07-27T19:30,turn_of_month,100000.0
2026-07-23,piggyback_2a,99954.63
2026-07-23T13:30,piggyback_2a,100039.85
2026-07-23T14:30,piggyback_2a,99806.76
2026-07-23T15:30,piggyback_2a,100046.2
2026-07-23T16:30,piggyback_2a,99996.46
2026-07-23T17:30,piggyback_2a,99915.82
2026-07-23T18:30,piggyback_2a,99911.93
2026-07-23T19:30,piggyback_2a,99957.96
2026-07-24,piggyback_2a,100092.28
2026-07-24T13:30,piggyback_2a,100144.24
2026-07-24T14:30,piggyback_2a,100380.11
2026-07-24T15:30,piggyback_2a,100410.27
2026-07-24T16:30,piggyback_2a,100275.35
2026-07-24T17:30,piggyback_2a,100107.31
2026-07-24T18:30,piggyback_2a,100023.76
2026-07-24T19:30,piggyback_2a,100086.54
2026-07-24T21:44,piggyback_2a,99954.63
2026-07-24T21:45,piggyback_2a,99954.63
2026-07-24T21:50,piggyback_2a,99954.63
2026-07-24T22:20,piggyback_2a,99954.63
2026-07-24T22:50,piggyback_2a,99954.63
2026-07-24T23:20,piggyback_2a,99954.63
2026-07-24T23:51,piggyback_2a,99954.63
2026-07-25T00:21,piggyback_2a,99954.63
2026-07-25T11:48,piggyback_2a,99954.63
2026-07-25T12:18,piggyback_2a,99954.63
2026-07-25T14:57,piggyback_2a,99954.63
2026-07-25T15:27,piggyback_2a,99954.63
2026-07-25T15:57,piggyback_2a,99954.63
2026-07-25T16:27,piggyback_2a,99954.63
2026-07-25T16:57,piggyback_2a,99954.63
2026-07-25T17:27,piggyback_2a,99954.63
2026-07-25T17:57,piggyback_2a,99954.63
2026-07-25T18:27,piggyback_2a,99954.63
2026-07-25T19:40,piggyback_2a,99954.63
2026-07-25T19:45,piggyback_2a,99954.63
2026-07-26T03:00,piggyback_2a,100092.28
2026-07-26T11:20,piggyback_2a,100092.28
2026-07-26T13:25,piggyback_2a,100092.28
2026-07-26T17:03,piggyback_2a,99954.63
2026-07-26T19:13,piggyback_2a,100092.28
2026-07-26T20:59,piggyback_2a,100092.28
2026-07-27T00:01,piggyback_2a,100092.28
2026-07-27T04:37,piggyback_2a,100092.28
2026-07-27T13:30,piggyback_2a,100130.05
2026-07-27T14:30,piggyback_2a,100169.39
2026-07-27T15:30,piggyback_2a,100114.1
2026-07-27T16:30,piggyback_2a,100027.94
2026-07-27T17:30,piggyback_2a,100047.18
2026-07-27T18:30,piggyback_2a,100229.01
2026-07-27T19:30,piggyback_2a,100201.55
2026-07-23,piggyback_3,99956.93
2026-07-23T13:30,piggyback_3,100050.82
2026-07-23T14:30,piggyback_3,99812.97
2026-07-23T15:30,piggyback_3,100048.34
2026-07-23T16:30,piggyback_3,100000.62
2026-07-23T17:30,piggyback_3,99916.94
2026-07-23T18:30,piggyback_3,99913.59
2026-07-23T19:30,piggyback_3,99960.49
2026-07-24,piggyback_3,100076.27
2026-07-24T13:30,piggyback_3,100116.83
2026-07-24T14:30,piggyback_3,100348.76
2026-07-24T15:30,piggyback_3,100381.92
2026-07-24T16:30,piggyback_3,100257.36
2026-07-24T17:30,piggyback_3,100089.12
2026-07-24T18:30,piggyback_3,100003.75
2026-07-24T19:30,piggyback_3,100070.41
2026-07-24T21:44,piggyback_3,99956.93
2026-07-24T21:45,piggyback_3,99956.93
2026-07-24T21:50,piggyback_3,99956.93
2026-07-24T22:20,piggyback_3,99956.93
2026-07-24T22:50,piggyback_3,99956.93
2026-07-24T23:20,piggyback_3,99956.93
2026-07-24T23:51,piggyback_3,99956.93
2026-07-25T00:21,piggyback_3,99956.93
2026-07-25T11:48,piggyback_3,99956.93
2026-07-25T12:18,piggyback_3,99956.93
2026-07-25T14:57,piggyback_3,99956.93
2026-07-25T15:27,piggyback_3,99956.93
2026-07-25T15:57,piggyback_3,99956.93
2026-07-25T16:27,piggyback_3,99956.93
2026-07-25T16:57,piggyback_3,99956.93
2026-07-25T17:27,piggyback_3,99956.93
2026-07-25T17:57,piggyback_3,99956.93
2026-07-25T18:27,piggyback_3,99956.93
2026-07-25T19:40,piggyback_3,99956.93
2026-07-25T19:45,piggyback_3,99956.93
2026-07-26T03:00,piggyback_3,100076.27
2026-07-26T11:20,piggyback_3,100076.27
2026-07-26T13:25,piggyback_3,100076.27
2026-07-26T17:03,piggyback_3,99956.93
2026-07-26T19:13,piggyback_3,100076.27
2026-07-26T20:59,piggyback_3,100076.27
2026-07-27T00:01,piggyback_3,100076.27
2026-07-27T04:37,piggyback_3,100076.27
2026-07-27T13:30,piggyback_3,100077.94
2026-07-27T14:30,piggyback_3,100109.34
2026-07-27T15:30,piggyback_3,100053.96
2026-07-27T16:30,piggyback_3,99967.04
2026-07-27T17:30,piggyback_3,99989.68
2026-07-27T18:30,piggyback_3,100170.71
2026-07-27T19:30,piggyback_3,100142.58
2026-07-23,piggyback_4,99960.49
2026-07-23T13:30,piggyback_4,100054.34
2026-07-23T14:30,piggyback_4,99816.19
2026-07-23T15:30,piggyback_4,100050.59
2026-07-23T16:30,piggyback_4,100005.13
2026-07-23T17:30,piggyback_4,99919.79
2026-07-23T18:30,piggyback_4,99916.64
2026-07-23T19:30,piggyback_4,99962.91
2026-07-24,piggyback_4,100057.47
2026-07-24T13:30,piggyback_4,100095.92
2026-07-24T14:30,piggyback_4,100325.46
2026-07-24T15:30,piggyback_4,100359.85
2026-07-24T16:30,piggyback_4,100238.55
2026-07-24T17:30,piggyback_4,100069.65
2026-07-24T18:30,piggyback_4,99983.83
2026-07-24T19:30,piggyback_4,100051.75
2026-07-24T21:44,piggyback_4,99960.49
2026-07-24T21:45,piggyback_4,99960.49
2026-07-24T21:50,piggyback_4,99960.49
2026-07-24T22:20,piggyback_4,99960.49
2026-07-24T22:50,piggyback_4,99960.49
2026-07-24T23:20,piggyback_4,99960.49
2026-07-24T23:51,piggyback_4,99960.49
2026-07-25T00:21,piggyback_4,99960.49
2026-07-25T11:48,piggyback_4,99960.49
2026-07-25T12:18,piggyback_4,99960.49
2026-07-25T14:57,piggyback_4,99960.49
2026-07-25T15:27,piggyback_4,99960.49
2026-07-25T15:57,piggyback_4,99960.49
2026-07-25T16:27,piggyback_4,99960.49
2026-07-25T16:57,piggyback_4,99960.49
2026-07-25T17:27,piggyback_4,99960.49
2026-07-25T17:57,piggyback_4,99960.49
2026-07-25T18:27,piggyback_4,99960.49
2026-07-25T19:40,piggyback_4,99960.49
2026-07-25T19:45,piggyback_4,99960.49
2026-07-26T03:00,piggyback_4,100057.47
2026-07-26T06:38,piggyback_4,100057.47
2026-07-26T11:20,piggyback_4,100057.47
2026-07-26T13:25,piggyback_4,100057.47
2026-07-26T17:03,piggyback_4,99960.49
2026-07-26T19:13,piggyback_4,100057.47
2026-07-26T20:59,piggyback_4,100057.47
2026-07-27T00:01,piggyback_4,100057.47
2026-07-27T04:37,piggyback_4,100057.47
2026-07-27T13:30,piggyback_4,100040.41
2026-07-27T14:30,piggyback_4,100067.54
2026-07-27T15:30,piggyback_4,100013.36
2026-07-27T16:30,piggyback_4,99927.5
2026-07-27T17:30,piggyback_4,99952.09
2026-07-27T18:30,piggyback_4,100130.73
2026-07-27T19:30,piggyback_4,100102.8
2026-07-23,turn_of_month_gen_5_7,99955.25
2026-07-23T13:30,turn_of_month_gen_5_7,100025.8
2026-07-23T14:30,turn_of_month_gen_5_7,99886.77
2026-07-23T15:30,turn_of_month_gen_5_7,100028.71
2026-07-23T16:30,turn_of_month_gen_5_7,100002.94
2026-07-23T17:30,turn_of_month_gen_5_7,99950.33
2026-07-23T18:30,turn_of_month_gen_5_7,99945.71
2026-07-23T19:30,turn_of_month_gen_5_7,99971.42
2026-07-24,turn_of_month_gen_5_7,99998.04
2026-07-24T13:30,turn_of_month_gen_5_7,100066.41
2026-07-24T14:30,turn_of_month_gen_5_7,100167.08
2026-07-24T15:30,turn_of_month_gen_5_7,100186.11
2026-07-24T16:30,turn_of_month_gen_5_7,100116.93
2026-07-24T17:30,turn_of_month_gen_5_7,100027.76
2026-07-24T18:30,turn_of_month_gen_5_7,99982.07
2026-07-24T19:30,turn_of_month_gen_5_7,99997.87
2026-07-24T23:51,turn_of_month_gen_5_7,99955.25
2026-07-25T00:21,turn_of_month_gen_5_7,99955.25
2026-07-25T11:48,turn_of_month_gen_5_7,99955.25
2026-07-25T12:18,turn_of_month_gen_5_7,99955.25
2026-07-25T14:57,turn_of_month_gen_5_7,99955.25
2026-07-25T15:27,turn_of_month_gen_5_7,99955.25
2026-07-25T15:57,turn_of_month_gen_5_7,99955.25
2026-07-25T16:27,turn_of_month_gen_5_7,99955.25
2026-07-25T16:57,turn_of_month_gen_5_7,99955.25
2026-07-25T17:27,turn_of_month_gen_5_7,99955.25
2026-07-25T17:57,turn_of_month_gen_5_7,99955.25
2026-07-25T18:27,turn_of_month_gen_5_7,99955.23
2026-07-25T19:40,turn_of_month_gen_5_7,99955.23
2026-07-25T19:45,turn_of_month_gen_5_7,99955.23
2026-07-26T03:00,turn_of_month_gen_5_7,99998.3
2026-07-26T11:20,turn_of_month_gen_5_7,99998.3
2026-07-26T13:25,turn_of_month_gen_5_7,99998.3
2026-07-26T17:03,turn_of_month_gen_5_7,99955.23
2026-07-26T19:13,turn_of_month_gen_5_7,99998.3
2026-07-26T20:59,turn_of_month_gen_5_7,99998.3
2026-07-27T00:01,turn_of_month_gen_5_7,99998.04
2026-07-27T04:37,turn_of_month_gen_5_7,99998.04
2026-07-27T13:30,turn_of_month_gen_5_7,99928.03
2026-07-27T14:30,turn_of_month_gen_5_7,99966.56
2026-07-27T15:30,turn_of_month_gen_5_7,99926.64
2026-07-27T16:30,turn_of_month_gen_5_7,99865.04
2026-07-27T17:30,turn_of_month_gen_5_7,99874.37
2026-07-27T18:30,turn_of_month_gen_5_7,99986.16
2026-07-27T19:30,turn_of_month_gen_5_7,99957.45
2026-07-23,turn_of_month_gen_7_2,99955.25
2026-07-23T13:30,turn_of_month_gen_7_2,100025.8
2026-07-23T14:30,turn_of_month_gen_7_2,99886.77
2026-07-23T15:30,turn_of_month_gen_7_2,100028.71
2026-07-23T16:30,turn_of_month_gen_7_2,100002.94
2026-07-23T17:30,turn_of_month_gen_7_2,99950.33
2026-07-23T18:30,turn_of_month_gen_7_2,99945.71
2026-07-23T19:30,turn_of_month_gen_7_2,99971.42
2026-07-24,turn_of_month_gen_7_2,99998.04
2026-07-24T13:30,turn_of_month_gen_7_2,100066.41
2026-07-24T14:30,turn_of_month_gen_7_2,100167.08
2026-07-24T15:30,turn_of_month_gen_7_2,100186.11
2026-07-24T16:30,turn_of_month_gen_7_2,100116.93
2026-07-24T17:30,turn_of_month_gen_7_2,100027.76
2026-07-24T18:30,turn_of_month_gen_7_2,99982.07
2026-07-24T19:30,turn_of_month_gen_7_2,99997.87
2026-07-25T14:57,turn_of_month_gen_7_2,100000.0
2026-07-25T15:27,turn_of_month_gen_7_2,100000.0
2026-07-25T15:57,turn_of_month_gen_7_2,100000.0
2026-07-25T16:27,turn_of_month_gen_7_2,100000.0
2026-07-25T16:57,turn_of_month_gen_7_2,100000.0
2026-07-25T17:27,turn_of_month_gen_7_2,100000.0
2026-07-25T17:57,turn_of_month_gen_7_2,100000.0
2026-07-26T03:00,turn_of_month_gen_7_2,99998.34
2026-07-26T09:13,turn_of_month_gen_7_2,99955.23
2026-07-26T11:20,turn_of_month_gen_7_2,99998.3
2026-07-26T13:25,turn_of_month_gen_7_2,99998.3
2026-07-26T17:03,turn_of_month_gen_7_2,99955.23
2026-07-26T19:13,turn_of_month_gen_7_2,99998.3
2026-07-26T20:59,turn_of_month_gen_7_2,99998.3
2026-07-27T00:01,turn_of_month_gen_7_2,99998.04
2026-07-27T04:37,turn_of_month_gen_7_2,99998.04
2026-07-27T13:30,turn_of_month_gen_7_2,99928.03
2026-07-27T14:30,turn_of_month_gen_7_2,99966.56
2026-07-27T15:30,turn_of_month_gen_7_2,99926.64
2026-07-27T16:30,turn_of_month_gen_7_2,99865.04
2026-07-27T17:30,turn_of_month_gen_7_2,99874.37
2026-07-27T18:30,turn_of_month_gen_7_2,99986.16
2026-07-27T19:30,turn_of_month_gen_7_2,99957.45
2026-07-23,turn_of_month_gen_1_6,99955.25
2026-07-23T13:30,turn_of_month_gen_1_6,100025.8
2026-07-23T14:30,turn_of_month_gen_1_6,99886.77
2026-07-23T15:30,turn_of_month_gen_1_6,100028.71
2026-07-23T16:30,turn_of_month_gen_1_6,100002.94
2026-07-23T17:30,turn_of_month_gen_1_6,99950.33
2026-07-23T18:30,turn_of_month_gen_1_6,99945.71
2026-07-23T19:30,turn_of_month_gen_1_6,99971.42
2026-07-24,turn_of_month_gen_1_6,99998.04
2026-07-24T13:30,turn_of_month_gen_1_6,100066.41
2026-07-24T14:30,turn_of_month_gen_1_6,100167.08
2026-07-24T15:30,turn_of_month_gen_1_6,100186.11
2026-07-24T16:30,turn_of_month_gen_1_6,100116.93
2026-07-24T17:30,turn_of_month_gen_1_6,100027.76
2026-07-24T18:30,turn_of_month_gen_1_6,99982.07
2026-07-24T19:30,turn_of_month_gen_1_6,99997.87
2026-07-25T17:27,turn_of_month_gen_1_6,100000.0
2026-07-25T17:57,turn_of_month_gen_1_6,100000.0
2026-07-26T03:00,turn_of_month_gen_1_6,99998.34
2026-07-26T09:13,turn_of_month_gen_1_6,99955.23
2026-07-26T11:20,turn_of_month_gen_1_6,99998.3
2026-07-26T13:25,turn_of_month_gen_1_6,99998.3
2026-07-26T17:03,turn_of_month_gen_1_6,99955.23
2026-07-26T19:13,turn_of_month_gen_1_6,99998.3
2026-07-26T20:59,turn_of_month_gen_1_6,99998.3
2026-07-27T00:01,turn_of_month_gen_1_6,99998.04
2026-07-27T04:37,turn_of_month_gen_1_6,99998.04
2026-07-27T13:30,turn_of_month_gen_1_6,99928.03
2026-07-27T14:30,turn_of_month_gen_1_6,99966.56
2026-07-27T15:30,turn_of_month_gen_1_6,99926.64
2026-07-27T16:30,turn_of_month_gen_1_6,99865.04
2026-07-27T17:30,turn_of_month_gen_1_6,99874.37
2026-07-27T18:30,turn_of_month_gen_1_6,99986.16
2026-07-27T19:30,turn_of_month_gen_1_6,99957.45
2026-07-24,turn_of_month_gen_5_2,99955.29
2026-07-26T06:38,turn_of_month_gen_5_2,100000.0
2026-07-26T09:13,turn_of_month_gen_5_2,100000.0
2026-07-26T11:20,turn_of_month_gen_5_2,100000.0
2026-07-26T13:25,turn_of_month_gen_5_2,100000.0
2026-07-26T15:06,turn_of_month_gen_5_2,100000.0
2026-07-26T17:03,turn_of_month_gen_5_2,100000.0
2026-07-26T19:13,turn_of_month_gen_5_2,100000.0
2026-07-26T20:59,turn_of_month_gen_5_2,100000.0
2026-07-27T00:01,turn_of_month_gen_5_2,99955.29
2026-07-27T04:37,turn_of_month_gen_5_2,99955.29
2026-07-27T13:30,turn_of_month_gen_5_2,99885.28
2026-07-27T14:30,turn_of_month_gen_5_2,99923.82
2026-07-27T15:30,turn_of_month_gen_5_2,99883.9
2026-07-27T16:30,turn_of_month_gen_5_2,99822.3
2026-07-27T17:30,turn_of_month_gen_5_2,99831.63
2026-07-27T18:30,turn_of_month_gen_5_2,99943.42
2026-07-27T19:30,turn_of_month_gen_5_2,99914.7
2026-07-24,turn_of_month_gen_7_5,99955.29
2026-07-26T22:07,turn_of_month_gen_7_5,100000.0
2026-07-27T00:01,turn_of_month_gen_7_5,99955.29
2026-07-27T04:37,turn_of_month_gen_7_5,99955.29
2026-07-27T13:30,turn_of_month_gen_7_5,99885.28
2026-07-27T14:30,turn_of_month_gen_7_5,99923.82
2026-07-27T15:30,turn_of_month_gen_7_5,99883.9
2026-07-27T16:30,turn_of_month_gen_7_5,99822.3
2026-07-27T17:30,turn_of_month_gen_7_5,99831.63
2026-07-27T18:30,turn_of_month_gen_7_5,99943.42
2026-07-27T19:30,turn_of_month_gen_7_5,99914.7
2026-07-22,carry_btc_eth,100021.17
2026-07-23,carry_btc_eth,100044.73
2026-07-24,carry_btc_eth,100067.24
2026-07-25,carry_btc_eth,100076.9
2026-07-25T11:57,carry_btc_eth,100076.87
2026-07-25T12:18,carry_btc_eth,100077.62
2026-07-25T14:57,carry_btc_eth,100079.17
2026-07-25T15:27,carry_btc_eth,100079.8
2026-07-25T15:57,carry_btc_eth,100079.71
2026-07-25T16:27,carry_btc_eth,100080.83
2026-07-25T16:57,carry_btc_eth,100080.74
2026-07-25T17:27,carry_btc_eth,100081.88
2026-07-25T17:57,carry_btc_eth,100081.79
2026-07-25T18:00,carry_btc_eth,100083.03
2026-07-25T18:27,carry_btc_eth,100082.95
2026-07-25T19:40,carry_btc_eth,100083.99
2026-07-25T19:45,carry_btc_eth,100083.98
2026-07-26T03:00,carry_btc_eth,100085.02
2026-07-26T03:02,carry_btc_eth,100085.02
2026-07-26T06:38,carry_btc_eth,100088.01
2026-07-26T09:13,carry_btc_eth,100091.21
2026-07-26T11:20,carry_btc_eth,100093.05
2026-07-26T13:25,carry_btc_eth,100094.63
2026-07-26T15:06,carry_btc_eth,100095.86
2026-07-26T17:03,carry_btc_eth,100097.02
2026-07-26T19:13,carry_btc_eth,100098.34
2026-07-26T20:59,carry_btc_eth,100099.0
2026-07-26T22:07,carry_btc_eth,100100.63
2026-07-26T23:00,carry_btc_eth,100101.66
2026-07-27T00:00,carry_btc_eth,100102.77
2026-07-27T01:00,carry_btc_eth,100103.75
2026-07-27T02:00,carry_btc_eth,100104.75
2026-07-27T03:00,carry_btc_eth,100105.78
2026-07-27T04:00,carry_btc_eth,100106.86
2026-07-27T05:00,carry_btc_eth,100107.94
2026-07-27T06:00,carry_btc_eth,100108.66
2026-07-27T07:00,carry_btc_eth,100109.48
2026-07-27T08:00,carry_btc_eth,100110.33
2026-07-27T09:00,carry_btc_eth,100111.03
2026-07-27T10:00,carry_btc_eth,100112.04
2026-07-27T11:00,carry_btc_eth,100113.01
2026-07-27T12:00,carry_btc_eth,100113.68
2026-07-27T13:00,carry_btc_eth,100114.15
2026-07-27T14:00,carry_btc_eth,100115.04
2026-07-27T15:00,carry_btc_eth,100115.56
2026-07-27T16:00,carry_btc_eth,100115.95
2026-07-27T17:00,carry_btc_eth,100116.36
2026-07-27T18:00,carry_btc_eth,100116.49
2026-07-27T19:00,carry_btc_eth,100116.04
2026-07-27T20:00,carry_btc_eth,100116.69
2026-07-27T21:00,carry_btc_eth,100117.2
2026-07-26T10:11,crypto_reversal_1h,99950.0
2026-07-26T11:00,crypto_reversal_1h,101558.66
2026-07-26T12:00,crypto_reversal_1h,101579.31
2026-07-26T13:00,crypto_reversal_1h,101526.34
2026-07-26T14:00,crypto_reversal_1h,101071.73
2026-07-26T15:00,crypto_reversal_1h,100611.46
2026-07-26T16:00,crypto_reversal_1h,100606.86
2026-07-26T17:00,crypto_reversal_1h,100758.47
2026-07-26T18:00,crypto_reversal_1h,100644.07
2026-07-26T19:00,crypto_reversal_1h,100685.31
2026-07-26T19:13,crypto_reversal_1h,100057.92
2026-07-26T20:00,crypto_reversal_1h,100732.25
2026-07-26T20:59,crypto_reversal_1h,99997.26
2026-07-26T21:00,crypto_reversal_1h,100269.15
2026-07-26T22:00,crypto_reversal_1h,99231.7
2026-07-26T22:07,crypto_reversal_1h,99691.31
2026-07-26T23:00,crypto_reversal_1h,99211.17
2026-07-26T23:02,crypto_reversal_1h,99210.66
2026-07-26T23:11,crypto_reversal_1h,98867.64
2026-07-27T00:00,crypto_reversal_1h,99158.22
2026-07-27T00:01,crypto_reversal_1h,99157.93
2026-07-27T01:00,crypto_reversal_1h,99425.57
2026-07-27T02:00,crypto_reversal_1h,99573.64
2026-07-27T03:00,crypto_reversal_1h,99316.37
2026-07-27T04:00,crypto_reversal_1h,99142.24
2026-07-27T04:37,crypto_reversal_1h,99092.65
2026-07-27T05:00,crypto_reversal_1h,98892.24
2026-07-27T06:00,crypto_reversal_1h,98785.24
2026-07-27T07:00,crypto_reversal_1h,98742.37
2026-07-27T08:00,crypto_reversal_1h,98664.69
2026-07-27T08:32,crypto_reversal_1h,98615.0
2026-07-27T09:00,crypto_reversal_1h,98661.91
2026-07-27T10:00,crypto_reversal_1h,98542.42
2026-07-27T11:00,crypto_reversal_1h,98921.54
2026-07-27T12:00,crypto_reversal_1h,99256.7
2026-07-27T12:25,crypto_reversal_1h,99158.06
2026-07-27T13:00,crypto_reversal_1h,99610.92
2026-07-27T14:00,crypto_reversal_1h,98461.92
2026-07-27T15:00,crypto_reversal_1h,98412.34
2026-07-27T15:43,crypto_reversal_1h,98412.29
2026-07-27T16:00,crypto_reversal_1h,98839.2
2026-07-27T17:00,crypto_reversal_1h,98979.24
2026-07-27T17:43,crypto_reversal_1h,98979.21
2026-07-27T18:00,crypto_reversal_1h,98788.72
2026-07-27T19:00,crypto_reversal_1h,99093.54
2026-07-27T19:28,crypto_reversal_1h,99093.44
2026-07-27T20:00,crypto_reversal_1h,99063.04
2026-07-27T21:00,crypto_reversal_1h,99096.08
2026-07-27T21:11,crypto_reversal_1h,98996.99
2026-07-26T10:11,equity_tsmom_1h,99950.0
2026-07-26T19:13,equity_tsmom_1h,99949.98
2026-07-26T20:59,equity_tsmom_1h,99949.97
2026-07-26T22:07,equity_tsmom_1h,99949.97
2026-07-26T23:02,equity_tsmom_1h,99949.97
2026-07-26T23:11,equity_tsmom_1h,99949.97
2026-07-27T00:01,equity_tsmom_1h,99949.97
2026-07-27T04:37,equity_tsmom_1h,99949.97
2026-07-27T08:32,equity_tsmom_1h,99949.97
2026-07-27T12:25,equity_tsmom_1h,99949.97
2026-07-27T13:30,equity_tsmom_1h,99220.95
2026-07-27T14:30,equity_tsmom_1h,99132.45
2026-07-27T15:30,equity_tsmom_1h,99193.25
2026-07-27T15:43,equity_tsmom_1h,99173.33
2026-07-27T16:30,equity_tsmom_1h,99277.14
2026-07-27T17:30,equity_tsmom_1h,99217.32
2026-07-27T17:43,equity_tsmom_1h,99210.64
2026-07-27T18:30,equity_tsmom_1h,99093.4
2026-07-27T19:28,equity_tsmom_1h,99093.2
2026-07-27T19:30,equity_tsmom_1h,99148.63
2026-07-27T21:11,equity_tsmom_1h,99148.56
2026-07-26T10:11,funding_timing_1h,99921.05
2026-07-26T19:13,funding_timing_1h,99922.39
2026-07-26T20:59,funding_timing_1h,99923.05
2026-07-26T22:07,funding_timing_1h,99924.68
2026-07-26T23:02,funding_timing_1h,99925.7
2026-07-26T23:11,funding_timing_1h,99925.67
2026-07-27T00:01,funding_timing_1h,99926.78
2026-07-27T04:37,funding_timing_1h,99930.76
2026-07-27T08:32,funding_timing_1h,99934.24
2026-07-27T12:25,funding_timing_1h,99937.61
2026-07-27T15:43,funding_timing_1h,99939.43
2026-07-27T17:43,funding_timing_1h,99940.23
2026-07-27T19:28,funding_timing_1h,99939.96
2026-07-27T21:11,funding_timing_1h,99941.17
