book,equity,return,last_run,retired_at
tsmom_12m,99812.48,-0.0019,2026-09-28T19:25:59,
tsmom_ensemble,100847.08,0.0085,2026-09-28T19:25:59,
green_line_200d,101324.58,0.0132,2026-09-28T19:25:59,
turn_of_month,99250.38,-0.0075,2026-09-28T19:25:59,
piggyback_2a,100240.42,0.0024,2026-09-28T19:25:59,
piggyback_3,100457.55,0.0046,2026-09-28T19:25:59,
piggyback_4,100649.3,0.0065,2026-09-28T19:25:59,
turn_of_month_gen_5_7,100258.3,0.0026,2026-08-14T18:55:56,2026-08-14T19:02
turn_of_month_gen_7_2,100258.3,0.0026,2026-08-14T18:55:56,2026-08-14T19:02
turn_of_month_gen_1_6,98534.4,-0.0147,2026-09-28T19:25:59,
turn_of_month_gen_5_2,100215.43,0.0022,2026-08-14T18:55:56,2026-08-14T19:02
turn_of_month_gen_7_5,100215.43,0.0022,2026-08-14T18:55:56,2026-08-14T19:02
turn_of_month_gen_7_3,100378.55,0.0038,2026-08-14T18:55:56,2026-08-14T19:02
factory_combo_donchian_gen_93d_turn_of_month_gen_3_1,99983.6,-0.0002,2026-08-14T18:55:56,2026-08-14T19:02
factory_combo_donchian_gen_109d_turn_of_month_gen_1_2,99984.24,-0.0002,2026-08-14T18:55:56,2026-08-14T19:02
factory_combo_str_reversal_gen_36d_turn_of_month_gen_5_8,100111.73,0.0011,2026-08-14T18:55:56,2026-08-14T19:02
factory_combo_str_reversal_gen_25d_low_vol_xsec_gen_112d,98037.24,-0.0196,2026-08-14T18:55:56,2026-08-14T19:02
factory_combo_donchian_gen_115d_turn_of_month_gen_1_4,98537.79,-0.0146,2026-08-14T18:55:56,2026-08-14T19:02
factory_combo_turn_of_month_gen_2_4_donchian_gen_94d,98729.65,-0.0127,2026-08-14T18:55:56,2026-08-14T19:02
factory_combo_donchian_gen_28d_tsmom_gen_120d,98558.12,-0.0144,2026-08-14T18:55:56,2026-08-14T19:02
factory_combo_tsmom_gen_69d_low_vol_xsec_gen_79d,98169.97,-0.0183,2026-08-14T18:55:56,2026-08-14T19:02
factory_combo_turn_of_month_gen_4_3_donchian_gen_107d,98364.31,-0.0164,2026-08-14T18:55:56,2026-08-14T19:02
factory_combo_low_vol_xsec_gen_126d_tsmom_gen_43d,98417.85,-0.0158,2026-08-14T18:55:56,2026-08-14T19:02
factory_combo_donchian_gen_45d_tsmom_gen_164d,98707.21,-0.0129,2026-08-14T18:55:56,2026-08-14T19:02
factory_combo_tsmom_gen_86d_low_vol_xsec_gen_53d,98559.17,-0.0144,2026-09-28T19:25:59,
factory_combo_tsmom_gen_108d_donchian_gen_18d,98241.54,-0.0176,2026-08-14T18:55:56,2026-08-14T19:02
factory_combo_tsmom_gen_70d_low_vol_xsec_gen_100d,98098.01,-0.019,2026-09-28T19:25:59,
factory_combo_low_vol_xsec_gen_56d_tsmom_gen_87d,98299.42,-0.017,2026-09-28T19:25:59,
factory_combo_tsmom_gen_140d_donchian_gen_99d,98391.87,-0.0161,2026-09-28T19:25:59,
factory_combo_tsmom_gen_137d_donchian_gen_106d,98593.41,-0.0141,2026-09-28T19:25:59,
factory_combo_tsmom_gen_67d_low_vol_xsec_gen_28d,98777.34,-0.0122,2026-09-28T19:25:59,
factory_combo_low_vol_xsec_gen_60d_tsmom_gen_85d,98660.6,-0.0134,2026-09-28T19:25:59,
factory_combo_tsmom_gen_92d_low_vol_xsec_gen_27d,99125.4,-0.0087,2026-09-28T19:25:59,
factory_combo_tsmom_gen_51d_low_vol_xsec_gen_121d,98794.38,-0.0121,2026-09-28T19:25:59,
factory_combo_low_vol_xsec_gen_113d_tsmom_gen_30d,98861.54,-0.0114,2026-09-28T19:25:59,
factory_combo_low_vol_xsec_gen_71d_tsmom_gen_55d,99069.51,-0.0093,2026-09-28T19:25:59,
factory_combo_tsmom_gen_347d_tsmom_gen_22d,98805.5,-0.0119,2026-09-28T19:25:59,
factory_combo_tsmom_gen_26d_tsmom_gen_237d,98904.03,-0.011,2026-09-28T19:25:59,
factory_combo_tsmom_gen_274d_tsmom_gen_25d,98534.27,-0.0147,2026-09-28T19:25:59,
factory_combo_tsmom_gen_10d_tsmom_gen_133d,98933.58,-0.0107,2026-09-28T19:25:59,
factory_combo_tsmom_gen_12d_tsmom_gen_327d,98333.55,-0.0167,2026-09-28T19:25:59,
factory_combo_tsmom_gen_280d_tsmom_gen_31d,98718.93,-0.0128,2026-09-28T19:25:59,
factory_combo_tsmom_gen_502d_tsmom_gen_41d,98912.84,-0.0109,2026-09-28T19:25:59,
factory_combo_tsmom_gen_319d_tsmom_gen_89d,98833.01,-0.0117,2026-09-28T19:25:59,
rp_asset_class_trend_hedge_SPY_IEF_252_63,100483.77,0.0048,2026-09-28T19:25:59,
rp_asset_class_trend_hedge_QQQ_GLD_90_60,99830.04,-0.0017,2026-09-28T19:25:59,
rp_asset_class_trend_hedge_GLD_QQQ_130_100,100117.51,0.0012,2026-09-28T19:25:59,
carry_btc_eth,101460.54,0.0146,2026-09-28T19:26:00,
crypto_reversal_1h,59224.74,-0.4078,2026-09-28T19:26:00,
equity_tsmom_1h,96923.48,-0.0308,2026-09-28T19:26:00,
funding_timing_1h,101015.39,0.0102,2026-09-28T19:26:00,
kronos_wick_agg,100000.0,0.0,2026-09-28T19:25:59,
carry_kronos_vol,100267.12,0.0027,2026-09-28T08:36:12,
