t,carry_net
2026-04-21 08:00:00,1.000010151278134
2026-04-21 16:00:00,1.0000116394500644
2026-04-22 00:00:00,1.000001187943512
2026-04-22 08:00:00,1.0000511638473433
2026-04-22 16:00:00,1.0000500648382775
2026-04-23 00:00:00,1.0000444251555844
2026-04-23 08:00:00,0.9999791072707709
2026-04-23 16:00:00,0.9999206396507804
2026-04-24 00:00:00,0.9998584081784024
2026-04-24 08:00:00,0.9998359893134139
2026-04-24 16:00:00,0.9997840684918496
2026-04-25 00:00:00,0.9997959323717337
2026-04-25 08:00:00,0.9997866063336533
2026-04-25 16:00:00,0.9997416097695849
2026-04-26 00:00:00,0.9997213334579673
2026-04-26 08:00:00,0.9997525384778666
2026-04-26 16:00:00,0.9997268976959484
2026-04-27 00:00:00,0.9996940975092143
2026-04-27 08:00:00,0.9996333919691146
2026-04-27 16:00:00,0.9995435211800004
2026-04-28 00:00:00,0.9994487230964385
2026-04-28 08:00:00,0.9993923189578486
2026-04-28 16:00:00,0.999388185406463
2026-04-29 00:00:00,0.9993961141525965
2026-04-29 08:00:00,0.999406137481273
2026-04-29 16:00:00,0.9993851901762928
2026-04-30 00:00:00,0.9993635337945002
2026-04-30 08:00:00,0.9993633522304005
2026-04-30 16:00:00,0.9993342446037844
2026-05-01 00:00:00,0.9993347125563073
2026-05-01 08:00:00,0.9993383947749094
2026-05-01 16:00:00,0.9993098819148657
2026-05-02 00:00:00,0.9992949924631803
2026-05-02 08:00:00,0.9992550941631898
2026-05-02 16:00:00,0.99921463019336
2026-05-03 00:00:00,0.9992572514832992
2026-05-03 08:00:00,0.9992282965208099
2026-05-03 16:00:00,0.9992265553302643
2026-05-04 00:00:00,0.9992608550820241
2026-05-04 08:00:00,0.9993163089418289
2026-05-04 16:00:00,0.9992620238798826
2026-05-05 00:00:00,0.9992453929816577
2026-05-05 08:00:00,0.9992713953418183
2026-05-05 16:00:00,0.9992857630997981
2026-05-06 00:00:00,0.9993300440028198
2026-05-06 08:00:00,0.9993491060616695
2026-05-06 16:00:00,0.9993755566191406
2026-05-07 00:00:00,0.9994036577913096
2026-05-07 08:00:00,0.9994099300353186
2026-05-07 16:00:00,0.9994228679164152
2026-05-08 00:00:00,0.99948349272188
2026-05-08 08:00:00,0.9994953073068167
2026-05-08 16:00:00,0.9994941466345105
2026-05-09 00:00:00,0.999521870271336
2026-05-09 08:00:00,0.9995249206437955
2026-05-09 16:00:00,0.9995429226657522
2026-05-10 00:00:00,0.9995710441962147
2026-05-10 08:00:00,0.9996031091846258
2026-05-10 16:00:00,0.9996125374972065
2026-05-11 00:00:00,0.9996388371348902
2026-05-11 08:00:00,0.9997185292134023
2026-05-11 16:00:00,0.9997197406490469
2026-05-12 00:00:00,0.9996835887111429
2026-05-12 08:00:00,0.9996934770822734
2026-05-12 16:00:00,0.9997094259190529
2026-05-13 00:00:00,0.999747230052232
2026-05-13 08:00:00,0.9997376358783865
2026-05-13 16:00:00,0.999803605759749
2026-05-14 00:00:00,0.9998056629387166
2026-05-14 08:00:00,0.9998034649267796
2026-05-14 16:00:00,0.999773249401313
2026-05-15 00:00:00,0.9998060345647594
2026-05-15 08:00:00,0.9998052442573434
2026-05-15 16:00:00,0.9998366126905407
2026-05-16 00:00:00,0.9998959082190665
2026-05-16 08:00:00,0.9999350671319022
2026-05-16 16:00:00,0.9999657929033533
2026-05-17 00:00:00,0.9999589062459885
2026-05-17 08:00:00,0.9999493516866018
2026-05-17 16:00:00,0.999906228445572
2026-05-18 00:00:00,0.9998806205855106
2026-05-18 08:00:00,0.9998900868571506
2026-05-18 16:00:00,0.999919751711318
2026-05-19 00:00:00,0.9999636862624154
2026-05-19 08:00:00,0.9999493741751132
2026-05-19 16:00:00,0.9999770086801031
2026-05-20 00:00:00,1.0000336673983532
2026-05-20 08:00:00,1.0000273113920595
2026-05-20 16:00:00,1.0000329966859836
2026-05-21 00:00:00,1.0000433870960694
2026-05-21 08:00:00,1.0000864618399232
2026-05-21 16:00:00,1.0001460531286266
2026-05-22 00:00:00,1.0001716638809157
2026-05-22 08:00:00,1.000191189243137
2026-05-22 16:00:00,1.0002307680877216
2026-05-23 00:00:00,1.0002822369972777
2026-05-23 08:00:00,1.0002883286720707
2026-05-23 16:00:00,1.0002273350047268
2026-05-24 00:00:00,1.0002518113535286
2026-05-24 08:00:00,1.0002870040492395
2026-05-24 16:00:00,1.000318351709621
2026-05-25 00:00:00,1.0003245126606366
2026-05-25 08:00:00,1.0003025517171973
2026-05-25 16:00:00,1.0002987172236266
2026-05-26 00:00:00,1.0003203237658984
2026-05-26 08:00:00,1.0002837926883161
2026-05-26 16:00:00,1.0003236712613148
2026-05-27 00:00:00,1.0003314325673243
2026-05-27 08:00:00,1.0003295814712745
2026-05-27 16:00:00,1.0003653704718454
2026-05-28 00:00:00,1.0004106777050816
2026-05-28 08:00:00,1.0004358124894122
2026-05-28 16:00:00,1.000485269616875
2026-05-29 00:00:00,1.000541246433107
2026-05-29 08:00:00,1.0006011024571508
2026-05-29 16:00:00,1.000660931108662
2026-05-30 00:00:00,1.0007127948540337
2026-05-30 08:00:00,1.0007537174967047
2026-05-30 16:00:00,1.0007781809204943
2026-05-31 00:00:00,1.0007924054555475
2026-05-31 08:00:00,1.000816403656931
2026-05-31 16:00:00,1.0008271190012739
2026-06-01 00:00:00,1.0008881759093853
2026-06-01 08:00:00,1.0009264490845955
2026-06-01 16:00:00,1.0010128304082837
2026-06-02 00:00:00,1.0010992191867985
2026-06-02 08:00:00,1.001163608218753
2026-06-02 16:00:00,1.0012232179782286
2026-06-03 00:00:00,1.0012166915275582
2026-06-03 08:00:00,1.0011930684684316
2026-06-03 16:00:00,1.0012344572876997
2026-06-04 00:00:00,1.0012859811116854
2026-06-04 08:00:00,1.0012631062575381
2026-06-04 16:00:00,1.0012529195352122
2026-06-05 00:00:00,1.0012543265729674
2026-06-05 08:00:00,1.0012027584175895
2026-06-05 16:00:00,1.0011226227527246
2026-06-06 00:00:00,1.0010379594614396
2026-06-06 08:00:00,1.0009066998243574
2026-06-06 16:00:00,1.0008324698350646
2026-06-07 00:00:00,1.0007545325302214
2026-06-07 08:00:00,1.000582213289382
2026-06-07 16:00:00,1.0004178915631312
2026-06-08 00:00:00,1.0003243061440392
2026-06-08 08:00:00,1.000242893216952
2026-06-08 16:00:00,1.0001764183765633
2026-06-09 00:00:00,1.000079311459186
2026-06-09 08:00:00,1.000036369191516
2026-06-09 16:00:00,1.0000359076754894
2026-06-10 00:00:00,1.000065204849585
2026-06-10 08:00:00,1.0000507940825205
2026-06-10 16:00:00,1.0000287169596984
2026-06-11 00:00:00,0.999959893946121
2026-06-11 08:00:00,0.9999164948915903
2026-06-11 16:00:00,0.9998863494590454
2026-06-12 00:00:00,0.9998232984543883
2026-06-12 08:00:00,0.9997597170991284
2026-06-12 16:00:00,0.9997382438460396
2026-06-13 00:00:00,0.999700993335821
2026-06-13 08:00:00,0.9997060551536355
2026-06-13 16:00:00,0.9996470035515983
2026-06-14 00:00:00,0.9995869661003658
2026-06-14 08:00:00,0.9995510252032923
2026-06-14 16:00:00,0.9995120963384321
2026-06-15 00:00:00,0.9994468384575859
2026-06-15 08:00:00,0.9994069198071195
2026-06-15 16:00:00,0.9993251167843912
2026-06-16 00:00:00,0.9993224925613352
2026-06-16 08:00:00,0.999276773012016
2026-06-16 16:00:00,0.999274684399363
2026-06-17 00:00:00,0.9992861565338143
2026-06-17 08:00:00,0.9992652743394915
2026-06-17 16:00:00,0.9992245798203242
2026-06-18 00:00:00,0.9992253386498962
2026-06-18 08:00:00,0.9992141005126686
2026-06-18 16:00:00,0.9992267690020085
2026-06-19 00:00:00,0.9992520431079188
2026-06-19 08:00:00,0.9992648702923725
2026-06-19 16:00:00,0.9992325664374755
2026-06-20 00:00:00,0.9992209940344935
2026-06-20 08:00:00,0.9991967655352785
2026-06-20 16:00:00,0.9991942989345352
2026-06-21 00:00:00,0.9992019539502315
2026-06-21 08:00:00,0.999199445533265
2026-06-21 16:00:00,0.9991931124875801
2026-06-22 00:00:00,0.9991433637471753
2026-06-22 08:00:00,0.9991705926821682
2026-06-22 16:00:00,0.9991692993060308
2026-06-23 00:00:00,0.9991968496970469
2026-06-23 08:00:00,0.999189390741942
2026-06-23 16:00:00,0.9991297399336758
2026-06-24 00:00:00,0.9991076599385572
2026-06-24 08:00:00,0.9990988445902244
2026-06-24 16:00:00,0.9991081769858271
2026-06-25 00:00:00,0.9990610816141893
2026-06-25 08:00:00,0.9990034598197471
2026-06-25 16:00:00,0.9989458674777274
2026-06-26 00:00:00,0.9989259610645861
2026-06-26 08:00:00,0.9989322032502296
2026-06-26 16:00:00,0.9989673982175489
2026-06-27 00:00:00,0.998998018856949
2026-06-27 08:00:00,0.9990187029543505
2026-06-27 16:00:00,0.9990183432144768
2026-06-28 00:00:00,0.9990567182061981
2026-06-28 08:00:00,0.9990814802984982
2026-06-28 16:00:00,0.9990998517737468
2026-06-29 00:00:00,0.9990800713913781
2026-06-29 08:00:00,0.9991043088926466
2026-06-29 16:00:00,0.9991476605727563
2026-06-30 00:00:00,0.999208111683705
2026-06-30 08:00:00,0.9992416016362098
2026-06-30 16:00:00,0.999296072512143
2026-07-01 00:00:00,0.9993536041450269
2026-07-01 08:00:00,0.9993725947771174
2026-07-01 16:00:00,0.99938504574341
2026-07-02 00:00:00,0.999412924171737
2026-07-02 08:00:00,0.9994521789113754
2026-07-02 16:00:00,0.9994903015813753
2026-07-03 00:00:00,0.9995366028070644
2026-07-03 08:00:00,0.9995827213561841
2026-07-03 16:00:00,0.9996047071355944
2026-07-04 00:00:00,0.9996620715387917
2026-07-04 08:00:00,0.9997268360785057
2026-07-04 16:00:00,0.9997561439657936
2026-07-05 00:00:00,0.9998260472960214
2026-07-05 08:00:00,0.9998916088235528
2026-07-05 16:00:00,0.9999016647144265
2026-07-06 00:00:00,0.999957347624103
2026-07-06 08:00:00,1.0000293795500304
2026-07-06 16:00:00,1.0000497433271107
2026-07-07 00:00:00,1.000120764034006
2026-07-07 08:00:00,1.0001469926369753
2026-07-07 16:00:00,1.0001572796939717
2026-07-08 00:00:00,1.0001692002104376
2026-07-08 08:00:00,1.0002134315828455
2026-07-08 16:00:00,1.0002809819152245
2026-07-09 00:00:00,1.0003211980186102
2026-07-09 08:00:00,1.0003019765697194
2026-07-09 16:00:00,1.0003266195995082
2026-07-10 00:00:00,1.0003579952383599
2026-07-10 08:00:00,1.0003975367851148
2026-07-10 16:00:00,1.0004217211084085
2026-07-11 00:00:00,1.0004524503560095
2026-07-11 08:00:00,1.0004172068387596
2026-07-11 16:00:00,1.000416735488162
2026-07-12 00:00:00,1.0004285500999197
2026-07-12 08:00:00,1.0004317911835245
2026-07-12 16:00:00,1.0004440015790348
2026-07-13 00:00:00,1.00044467644761
2026-07-13 08:00:00,1.0004363034221642
2026-07-13 16:00:00,1.0004814271192108
2026-07-14 00:00:00,1.000499823900296
2026-07-14 08:00:00,1.0005034380411324
2026-07-14 16:00:00,1.000546796185026
2026-07-15 00:00:00,1.0005858244333452
2026-07-15 08:00:00,1.0006368614389478
2026-07-15 16:00:00,1.0006412864712078
2026-07-16 00:00:00,1.0006833431740625
2026-07-16 08:00:00,1.0007129249269802
2026-07-16 16:00:00,1.000721205656901
2026-07-17 00:00:00,1.0007549035068837
2026-07-17 08:00:00,1.0007933002941396
2026-07-17 16:00:00,1.0008185439174755
2026-07-18 00:00:00,1.000806337301703
2026-07-18 08:00:00,1.0008108792927204
2026-07-18 16:00:00,1.000830807419983
2026-07-19 00:00:00,1.0008287700226024
2026-07-19 08:00:00,1.0008568983116246
2026-07-19 16:00:00,1.0009011374960748
2026-07-20 00:00:00,1.0009032077745328
2026-07-20 08:00:00,1.0008774632769575
2026-07-20 16:00:00,1.0008717025517868
2026-07-21 00:00:00,1.0008820522875963
2026-07-21 08:00:00,1.000884734013106
2026-07-21 16:00:00,1.0008703598610917
2026-07-22 00:00:00,1.0008805031681385
2026-07-22 08:00:00,1.0008383876595552
2026-07-22 16:00:00,1.0008409919018275
2026-07-23 00:00:00,1.0008471691911884
