time,carry_net
2023-05-12,0.999102660109589
2023-05-13,0.9987903438247477
2023-05-14,0.9980133282277445
2023-05-15,0.997295143807601
2023-05-16,0.9968600459861434
2023-05-17,0.9967238550094484
2023-05-18,0.9967873510796205
2023-05-19,0.9967481315605156
2023-05-20,0.996637395012278
2023-05-21,0.9964923500961979
2023-05-22,0.9961610398169165
2023-05-23,0.9954456688904993
2023-05-24,0.9944860625933866
2023-05-25,0.9938364005934296
2023-05-26,0.9934018086329581
2023-05-27,0.9928990130193911
2023-05-28,0.9922587952535603
2023-05-29,0.992157271775234
2023-05-30,0.9921457055129207
2023-05-31,0.9921902120212803
2023-06-01,0.9923470549128893
2023-06-02,0.9923573793011642
2023-06-03,0.9924375280136979
2023-06-04,0.9925202779605189
2023-06-05,0.9925577071669105
2023-06-06,0.9923047962269708
2023-06-07,0.9923058175165823
2023-06-08,0.9920082352321743
2023-06-09,0.9918594329151929
2023-06-10,0.9918955641156302
2023-06-11,0.9915227197080296
2023-06-12,0.9912163518225369
2023-06-13,0.9911526971404278
2023-06-14,0.9917055429621114
2023-06-15,0.9919178812436447
2023-06-16,0.9922146720104852
2023-06-17,0.9924744096772415
2023-06-18,0.9923572322361879
2023-06-19,0.992258927651271
2023-06-20,0.9923798323604517
2023-06-21,0.9929684956791774
2023-06-22,0.9934576646383342
2023-06-23,0.9938930118373734
2023-06-24,0.994404473497665
2023-06-25,0.9945915577153372
2023-06-26,0.9950426562840697
2023-06-27,0.9959501344664443
2023-06-28,0.9967026956113352
2023-06-29,0.9976249700410605
2023-06-30,0.9991655658120414
2023-07-01,1.0002153971415566
2023-07-02,1.0017697249768196
2023-07-03,1.0037647602128301
2023-07-04,1.005427297467737
2023-07-05,1.0060515012633167
2023-07-06,1.0070286266137876
2023-07-07,1.0078585152221982
2023-07-08,1.0083202429673903
2023-07-09,1.0088462533645974
2023-07-10,1.0096690144388691
2023-07-11,1.0104068527647494
2023-07-12,1.0111646982292453
2023-07-13,1.0124759341169822
2023-07-14,1.0144071709862186
2023-07-15,1.0146970191799631
2023-07-16,1.0149448615071937
2023-07-17,1.0152076349028443
2023-07-18,1.0154975268774413
2023-07-19,1.0156735357957805
2023-07-20,1.015809754588418
2023-07-21,1.0159264440168403
2023-07-22,1.0159870716044386
2023-07-23,1.0159499679695234
2023-07-24,1.016003078253901
2023-07-25,1.016092500284438
2023-07-26,1.0161456363773074
2023-07-27,1.0162366611889395
2023-07-28,1.0163429873644545
2023-07-29,1.0164151389857534
2023-07-30,1.0164464455643154
2023-07-31,1.016512418301664
2023-08-01,1.01665779415724
2023-08-02,1.0168519745517945
2023-08-03,1.0168592694237155
2023-08-04,1.01675543789957
2023-08-05,1.0165782975568223
2023-08-06,1.0165196807808987
2023-08-07,1.0164276604820794
2023-08-08,1.0163521397811284
2023-08-09,1.0163408875530642
2023-08-10,1.0164335726684162
2023-08-11,1.0165401059618233
2023-08-12,1.0166594780390212
2023-08-13,1.0167011270970545
2023-08-14,1.0166487098601549
2023-08-15,1.0166208541019128
2023-08-16,1.0165401142528654
2023-08-17,1.016236342088541
2023-08-18,1.0152203259068635
2023-08-19,1.0141894714007167
2023-08-20,1.0132358545066396
2023-08-21,1.0125437342807713
2023-08-22,1.0121313930004354
2023-08-23,1.0116213750755016
2023-08-24,1.0112535770018847
2023-08-25,1.0106793045100173
2023-08-26,1.010050196574484
2023-08-27,1.0095362578939024
2023-08-28,1.009209275705288
2023-08-29,1.0089688445901879
2023-08-30,1.0087596383404311
2023-08-31,1.0084650995676405
2023-09-01,1.0082438481835632
2023-09-02,1.007971155604536
2023-09-03,1.007790875873939
2023-09-04,1.007592153060871
2023-09-05,1.0074207833757012
2023-09-06,1.0073073061650941
2023-09-07,1.007179570441835
2023-09-08,1.007299235873488
2023-09-09,1.0072091521387603
2023-09-10,1.0062518646800063
2023-09-11,1.0054415206378027
2023-09-12,1.0048785764536425
2023-09-13,1.004536277706623
2023-09-14,1.004700430630138
2023-09-15,1.004830948392574
2023-09-16,1.004409899214542
2023-09-17,1.003764549425086
2023-09-18,1.0033877114298726
2023-09-19,1.0034304303368458
2023-09-20,1.0035260415460687
2023-09-21,1.0037646309759478
2023-09-22,1.0039911045774252
2023-09-23,1.004242852980413
2023-09-24,1.0044979105898428
2023-09-25,1.0047329834683774
2023-09-26,1.0049542898834092
2023-09-27,1.0051049867751325
2023-09-28,1.0052802081777654
2023-09-29,1.0054560321984554
2023-09-30,1.0051380769475802
2023-10-01,1.0051187528761478
2023-10-02,1.005177338075015
2023-10-03,1.0050184514451317
2023-10-04,1.0047371261873312
2023-10-05,1.0044224152671766
2023-10-06,1.0043240785055483
2023-10-07,1.0041409019555807
2023-10-08,1.0040755946492281
2023-10-09,1.0037831166086921
2023-10-10,1.0035750965534451
2023-10-11,1.003621152932472
2023-10-12,1.0036554898660548
2023-10-13,1.0036613259985316
2023-10-14,1.0037246220769567
2023-10-15,1.003930965251619
2023-10-16,1.0040558363029588
2023-10-17,1.0042509652601215
2023-10-18,1.0044447065041204
2023-10-19,1.0045300525398706
2023-10-20,1.0045177037276298
2023-10-21,1.0044738172963361
2023-10-22,1.0044695424662964
2023-10-23,1.004886373463159
2023-10-24,1.0060002429890966
2023-10-25,1.0065606787591774
2023-10-26,1.007329009920686
2023-10-27,1.0081525596531498
2023-10-28,1.0089925765711814
2023-10-29,1.0091681776465458
2023-10-30,1.010096274274679
2023-10-31,1.0109304891610356
2023-11-01,1.0115451807032905
2023-11-02,1.0121776487302978
2023-11-03,1.0129617159944895
2023-11-04,1.0144691018351353
2023-11-05,1.0158162804602908
2023-11-06,1.0167240164716522
2023-11-07,1.017506476744439
2023-11-08,1.0190074422418902
2023-11-09,1.0211655830322754
2023-11-10,1.0228976860101824
2023-11-11,1.0253631131656975
2023-11-12,1.027425848078676
2023-11-13,1.0290905235856882
2023-11-14,1.0302068972208693
2023-11-15,1.0314169902713042
2023-11-16,1.0323000281045733
2023-11-17,1.0329749953200182
2023-11-18,1.0335106742634264
2023-11-19,1.0342213649257634
2023-11-20,1.035642161216637
2023-11-21,1.036029542590107
2023-11-22,1.036815600074228
2023-11-23,1.037196740929269
2023-11-24,1.0378710763364305
2023-11-25,1.0387512904471652
2023-11-26,1.0395292348781962
2023-11-27,1.0403022219316758
2023-11-28,1.0406773934834155
2023-11-29,1.0415356964751366
2023-11-30,1.041992281918009
2023-12-01,1.0426544099494564
2023-12-02,1.043962117512202
2023-12-03,1.0449837586160928
2023-12-04,1.0464391961561932
2023-12-05,1.0477180377528497
2023-12-06,1.0491582846556788
2023-12-07,1.0503764321342943
2023-12-08,1.0523159689272876
2023-12-09,1.0538095775715988
2023-12-10,1.0545785087436783
2023-12-11,1.0570053417986647
2023-12-12,1.0587309978074322
2023-12-13,1.0602313046928675
2023-12-14,1.062182790226974
2023-12-15,1.0638467438710724
2023-12-16,1.064452133459647
2023-12-17,1.0650805536146222
2023-12-18,1.0654644706085437
2023-12-19,1.0660456158903815
2023-12-20,1.067484886858336
2023-12-21,1.0696038267554853
2023-12-22,1.0719737785910066
2023-12-23,1.0734291400141491
2023-12-24,1.075121978353866
2023-12-25,1.0769707350388675
2023-12-26,1.0786838838492097
2023-12-27,1.0813714274888293
2023-12-28,1.0843881571617098
2023-12-29,1.0874709012250048
2023-12-30,1.0892623150691547
2023-12-31,1.0911662273850706
2024-01-01,1.0937593355962507
2024-01-02,1.0969783397330413
2024-01-03,1.098745341300589
2024-01-04,1.0997637088526038
2024-01-05,1.100482275004696
2024-01-06,1.1010393050645884
2024-01-07,1.1018050387515208
2024-01-08,1.102912713777362
2024-01-09,1.1044946185154445
2024-01-10,1.1062409591558027
2024-01-11,1.1079387672721854
2024-01-12,1.1090357322859046
2024-01-13,1.1093727854826025
2024-01-14,1.1103774937267157
2024-01-15,1.1108463065891152
2024-01-16,1.1116692851581536
2024-01-17,1.112569318301638
2024-01-18,1.1132010978459765
2024-01-19,1.1138000646871693
2024-01-20,1.1141690228869379
2024-01-21,1.1145530063586335
2024-01-22,1.1147107575269137
2024-01-23,1.115048795321203
2024-01-24,1.1153015942513873
2024-01-25,1.1156480893580443
2024-01-26,1.115933752252047
2024-01-27,1.116380873736845
2024-01-28,1.1168665137173008
2024-01-29,1.1173054210102087
2024-01-30,1.1178727560883932
2024-01-31,1.1176600065805156
2024-02-01,1.1175408249164311
2024-02-02,1.1177537745664168
2024-02-03,1.1176808051516731
2024-02-04,1.117895031042314
2024-02-05,1.1180351035985285
2024-02-06,1.1182505705890582
2024-02-07,1.118913490747512
2024-02-08,1.1198387865634192
2024-02-09,1.1216434980455654
2024-02-10,1.1230543444314371
2024-02-11,1.1240310403978437
2024-02-12,1.1249962419663708
2024-02-13,1.1261238392104362
2024-02-14,1.1275074118994837
2024-02-15,1.1283767793941761
2024-02-16,1.1291830860450645
2024-02-17,1.1302651147573797
2024-02-18,1.1308462584728347
2024-02-19,1.1319640896817829
2024-02-20,1.1329752173326562
2024-02-21,1.1337818865589278
2024-02-22,1.1344802426218294
2024-02-23,1.1353116245830448
2024-02-24,1.1358980912709993
2024-02-25,1.1371736426669
2024-02-26,1.1388564718078655
2024-02-27,1.1413482923605096
2024-02-28,1.145532630016121
2024-02-29,1.149416037955517
2024-03-01,1.1516510802109416
2024-03-02,1.153933942840647
2024-03-03,1.1570042280867396
2024-03-04,1.1603398517340369
2024-03-05,1.1653408657606075
2024-03-06,1.168911424425421
2024-03-07,1.1714648503092198
2024-03-08,1.17431872253769
2024-03-09,1.176909206120226
2024-03-10,1.179458141692604
2024-03-11,1.1813920852226105
2024-03-12,1.1839846058233772
2024-03-13,1.187371649500897
2024-03-14,1.1905143664295001
2024-03-15,1.1927789689006776
2024-03-16,1.1939314085733992
2024-03-17,1.1954768162870884
2024-03-18,1.1965036540942815
2024-03-19,1.1971794820448842
2024-03-20,1.1976577774471675
2024-03-21,1.198097248398824
2024-03-22,1.1986040103191549
2024-03-23,1.198956844072375
2024-03-24,1.1995177505855208
2024-03-25,1.2009112549579921
2024-03-26,1.2022983599087758
2024-03-27,1.20436767754768
2024-03-28,1.206321253303572
2024-03-29,1.2090341026176936
2024-03-30,1.211755435760164
2024-03-31,1.2146804553808
2024-04-01,1.2164426004269382
2024-04-02,1.2173416361847231
2024-04-03,1.218067308437872
2024-04-04,1.2187567307295168
2024-04-05,1.2193180355723265
2024-04-06,1.2199551052776838
2024-04-07,1.2204138376472238
2024-04-08,1.221081458051772
2024-04-09,1.2221297237702353
2024-04-10,1.2230483341261253
2024-04-11,1.2240416343100717
2024-04-12,1.2248579691900618
2024-04-13,1.225322986325667
2024-04-14,1.2260611997334911
2024-04-15,1.2263418048573222
2024-04-16,1.226711858659333
2024-04-17,1.2273223989286965
2024-04-18,1.2274214762593703
2024-04-19,1.2278121637496664
2024-04-20,1.228078522017151
2024-04-21,1.2282764597133826
2024-04-22,1.2286032491052474
2024-04-23,1.228861598661554
2024-04-24,1.2293356037712047
2024-04-25,1.2296762751346615
2024-04-26,1.2300691571262505
2024-04-27,1.2303870549399418
2024-04-28,1.2307247694579093
2024-04-29,1.2309116337754387
2024-04-30,1.2312238511586573
2024-05-01,1.2315608228152883
2024-05-02,1.231921393785934
2024-05-03,1.2318998033487196
2024-05-04,1.231960358545139
2024-05-05,1.2320340248585517
2024-05-06,1.2324437616457247
2024-05-07,1.2329698445324673
2024-05-08,1.233066823992907
2024-05-09,1.2331267563956667
2024-05-10,1.2335292823163055
2024-05-11,1.2339014434579023
2024-05-12,1.234123241572851
2024-05-13,1.2343427964699296
2024-05-14,1.2346723490156373
2024-05-15,1.235143498020385
2024-05-16,1.2351766307977345
2024-05-17,1.23572498084604
2024-05-18,1.2360617794314341
2024-05-19,1.2364462422450684
2024-05-20,1.2367203102932287
2024-05-21,1.2377570967623295
2024-05-22,1.2388600811020654
2024-05-23,1.2404333431866352
2024-05-24,1.240948983276476
2024-05-25,1.2415376407581116
2024-05-26,1.2424323340129968
2024-05-27,1.2437207935485837
2024-05-28,1.2448174755046986
2024-05-29,1.2459438506010536
2024-05-30,1.2466280550718112
2024-05-31,1.2474255329405104
2024-06-01,1.2485594230110106
2024-06-02,1.2493134740055263
2024-06-03,1.2507003397784204
2024-06-04,1.251712296151902
2024-06-05,1.2527351240629956
2024-06-06,1.2533190376546626
2024-06-07,1.2542111082550502
2024-06-08,1.2552487570008495
2024-06-09,1.2558610275233237
2024-06-10,1.2562500405355297
2024-06-11,1.257348286409263
2024-06-12,1.258122585846736
2024-06-13,1.2587491595498093
2024-06-14,1.2594633268836644
2024-06-15,1.2600069158016924
2024-06-16,1.2603675106829721
2024-06-17,1.261109928538748
2024-06-18,1.261531045398357
2024-06-19,1.2619116264510877
2024-06-20,1.2623410718151578
2024-06-21,1.2625586886981441
2024-06-22,1.2629390450786286
2024-06-23,1.2633367096968184
2024-06-24,1.2634315897489512
2024-06-25,1.263802042980131
2024-06-26,1.2641292465227658
2024-06-27,1.2646529331440803
2024-06-28,1.2651355201205892
2024-06-29,1.2655403887596983
2024-06-30,1.265816719937566
2024-07-01,1.266291852609923
2024-07-02,1.2667079500888418
2024-07-03,1.2670129344029883
2024-07-04,1.2671793243819431
2024-07-05,1.2672948544425167
2024-07-06,1.2672392404872763
2024-07-07,1.2671967394496086
2024-07-08,1.26733327429253
2024-07-09,1.2677173824048327
2024-07-10,1.2679680483440408
2024-07-11,1.2681828016954082
2024-07-12,1.2683431451187384
2024-07-13,1.268698890650415
2024-07-14,1.269100764019213
2024-07-15,1.2695717633673715
2024-07-16,1.270269040418799
2024-07-17,1.270691738036146
2024-07-18,1.2710867312620513
2024-07-19,1.2716539230525057
2024-07-20,1.272329360774275
2024-07-21,1.2734038670634962
2024-07-22,1.2741824611337422
2024-07-23,1.2753201797273255
2024-07-24,1.2758560281712554
2024-07-25,1.276205090910093
2024-07-26,1.2766050810362313
2024-07-27,1.2772670464854516
2024-07-28,1.2779343109836028
2024-07-29,1.2788445063331426
2024-07-30,1.2794122014499512
2024-07-31,1.2798377052589414
2024-08-01,1.2801988136128153
2024-08-02,1.280468136602684
2024-08-03,1.2807991188053927
2024-08-04,1.281055729311952
2024-08-05,1.2810619681083395
2024-08-06,1.2812703920775015
2024-08-07,1.280962690648811
2024-08-08,1.2808534629297639
2024-08-09,1.2804996772115869
2024-08-10,1.280621774618104
2024-08-11,1.28094428091143
2024-08-12,1.2812620761973117
2024-08-13,1.2815208628758064
2024-08-14,1.2818714651248884
2024-08-15,1.282005531971729
2024-08-16,1.2818216450847333
2024-08-17,1.2816972034162588
2024-08-18,1.2817020894719047
2024-08-19,1.281867411280801
2024-08-20,1.2820391137154186
2024-08-21,1.282045940543258
2024-08-22,1.2823780790862616
2024-08-23,1.2827439862340246
2024-08-24,1.2831626612697826
2024-08-25,1.2836243714799624
2024-08-26,1.2841089130359054
2024-08-27,1.2844067017146747
2024-08-28,1.2847265515768347
2024-08-29,1.285038670337711
2024-08-30,1.2852416778464189
2024-08-31,1.2852074419765012
2024-09-01,1.2850835367672735
2024-09-02,1.2850307587842662
2024-09-03,1.284670963120105
2024-09-04,1.2847405248533992
2024-09-05,1.2845203667617164
2024-09-06,1.2845697476333104
2024-09-07,1.2848261463114101
2024-09-08,1.2851343085343752
2024-09-09,1.2853155554505253
2024-09-10,1.2855955572579076
2024-09-11,1.2857828706427337
2024-09-12,1.2861023435103467
2024-09-13,1.2863945561353334
2024-09-14,1.2867416839298664
2024-09-15,1.2870716279715546
2024-09-16,1.287404856105372
2024-09-17,1.2877104117043825
2024-09-18,1.2879206066187985
2024-09-19,1.2886514677460235
2024-09-20,1.289094791827022
2024-09-21,1.289458120370451
2024-09-22,1.289800255443575
2024-09-23,1.2901435300758148
2024-09-24,1.2906236742048174
2024-09-25,1.2911565338845
2024-09-26,1.2917076685824174
2024-09-27,1.292475745617087
2024-09-28,1.2928235813119713
2024-09-29,1.2933333526083859
2024-09-30,1.294156159659717
2024-10-01,1.2950944765090835
2024-10-02,1.2955267803528554
2024-10-03,1.2959450106982517
2024-10-04,1.2962946208632846
2024-10-05,1.2967135881366778
2024-10-06,1.296989278578169
2024-10-07,1.2973009658660766
2024-10-08,1.297458353091151
2024-10-09,1.2977554844302712
2024-10-10,1.297902141021466
2024-10-11,1.29808879510967
2024-10-12,1.2983105271644528
2024-10-13,1.298623328396503
2024-10-14,1.2989190706523726
2024-10-15,1.2991641852230287
2024-10-16,1.299504721588746
2024-10-17,1.299923873080592
2024-10-18,1.3002827775246812
2024-10-19,1.3006236141602086
2024-10-20,1.3011614167045786
2024-10-21,1.3018974601794635
2024-10-22,1.302318728736268
2024-10-23,1.3029679698410472
2024-10-24,1.303398674211535
2024-10-25,1.3037048136806018
2024-10-26,1.3041612857696456
2024-10-27,1.3045217881743216
2024-10-28,1.30485821191956
2024-10-29,1.305403256296138
2024-10-30,1.3059705227747544
2024-10-31,1.3063696201526673
2024-11-01,1.3069249126032407
2024-11-02,1.3072614433411751
2024-11-03,1.3075323754230366
2024-11-04,1.307746561616642
2024-11-05,1.3080644149235185
2024-11-06,1.3099716373405959
2024-11-07,1.311235335770709
2024-11-08,1.3123520470841836
2024-11-09,1.3134549477571373
2024-11-10,1.3152790939656924
2024-11-11,1.3172300775782753
2024-11-12,1.3203417603239438
2024-11-13,1.322021665091048
2024-11-14,1.3235673237434782
2024-11-15,1.3247566227633722
2024-11-16,1.3258824210462419
2024-11-17,1.3269582138582934
2024-11-18,1.3292226859326708
2024-11-19,1.3313550701274537
2024-11-20,1.332489096332839
2024-11-21,1.333677523027969
2024-11-22,1.3356273352175818
2024-11-23,1.3374214751043765
2024-11-24,1.339166276109817
2024-11-25,1.340712305511466
2024-11-26,1.341549237494287
2024-11-27,1.34260625533095
2024-11-28,1.3429948214816243
2024-11-29,1.343734432737533
2024-11-30,1.3448548448807776
2024-12-01,1.345510850741888
2024-12-02,1.3461573416289532
2024-12-03,1.347101182451643
2024-12-04,1.348484290314518
2024-12-05,1.350841249067503
2024-12-06,1.3526503713283176
2024-12-07,1.353871619574414
2024-12-08,1.3549199310020823
2024-12-09,1.3557367850075852
2024-12-10,1.3563796194572981
2024-12-11,1.3568326259840082
2024-12-12,1.3573731814215033
2024-12-13,1.3578711766338705
2024-12-14,1.3583005424380858
2024-12-15,1.3594114452568404
2024-12-16,1.3608510324005472
2024-12-17,1.3615452599077758
2024-12-18,1.3622031242340937
2024-12-19,1.3625529300632744
2024-12-20,1.3627023942753793
2024-12-21,1.3628100230218338
2024-12-22,1.362974731209463
2024-12-23,1.363132106191222
2024-12-24,1.3633860112328717
2024-12-25,1.363609457624589
2024-12-26,1.3638655619934414
2024-12-27,1.3641451635846276
2024-12-28,1.36438540056512
2024-12-29,1.3646069372000782
2024-12-30,1.3649808866383826
2024-12-31,1.3652430317767428
2025-01-01,1.3657902497305499
2025-01-02,1.3661413027723264
2025-01-03,1.366399352123194
2025-01-04,1.36663394778357
2025-01-05,1.3668511115341768
2025-01-06,1.3670711862400369
2025-01-07,1.3674787537377655
2025-01-08,1.3679629065951862
2025-01-09,1.3681602054359887
2025-01-10,1.3682634184516886
2025-01-11,1.3684819734154683
2025-01-12,1.3687374143649806
2025-01-13,1.3689599214877621
2025-01-14,1.36911191228398
2025-01-15,1.3692146741862796
2025-01-16,1.3694256635171898
2025-01-17,1.369714750702963
2025-01-18,1.3699111208757893
2025-01-19,1.3707603358706304
2025-01-20,1.3720618029595986
2025-01-21,1.372521397301058
2025-01-22,1.3728529351648198
2025-01-23,1.3730369502803725
2025-01-24,1.3732601128266775
2025-01-25,1.3734720634535715
2025-01-26,1.3736874206357408
2025-01-27,1.3737035915598603
2025-01-28,1.3738608714304525
2025-01-29,1.3740034296589967
2025-01-30,1.3742153964484638
2025-01-31,1.3745207724082953
2025-02-01,1.3747148968148755
2025-02-02,1.3747959223407804
2025-02-03,1.3750577441719039
2025-02-04,1.375249846993921
2025-02-05,1.3754750936327065
2025-02-06,1.375693662277722
2025-02-07,1.3758954797611218
2025-02-08,1.3761051674837368
2025-02-09,1.3762622318748228
2025-02-10,1.3764382151818655
2025-02-11,1.3766443928847043
2025-02-12,1.3768631473361765
2025-02-13,1.3770731914941408
2025-02-14,1.3772989043609924
2025-02-15,1.3773618910995136
2025-02-16,1.377456609397512
2025-02-17,1.3775825949440272
2025-02-18,1.3777561252254102
2025-02-19,1.37797505633572
2025-02-20,1.378147060385838
2025-02-21,1.378331015744303
2025-02-22,1.3786773509215093
2025-02-23,1.3786936863771455
2025-02-24,1.3787016437507593
2025-02-25,1.3787976326949123
2025-02-26,1.3788191823040143
2025-02-27,1.3789863758170928
2025-02-28,1.3789562622613003
2025-03-01,1.3786766689638645
2025-03-02,1.3788661710264105
2025-03-03,1.3790368964576911
2025-03-04,1.3788278386145223
2025-03-05,1.3789888859490989
2025-03-06,1.3789955844008355
2025-03-07,1.379066863868419
2025-03-08,1.379074514806697
2025-03-09,1.3790624632256434
2025-03-10,1.3791971157711826
2025-03-11,1.3792401243454533
2025-03-12,1.3792525585761972
2025-03-13,1.3792978990346316
2025-03-14,1.3793959058416758
2025-03-15,1.3791273564617192
2025-03-16,1.3787022892424519
2025-03-17,1.3784294390173895
2025-03-18,1.3784361350732408
2025-03-19,1.378654994813473
2025-03-20,1.3787758227698828
2025-03-21,1.3788666907739076
2025-03-22,1.379040507137115
2025-03-23,1.3790413000526622
2025-03-24,1.3790968003644635
2025-03-25,1.379105814200345
2025-03-26,1.3791438614444733
2025-03-27,1.3792330024671537
2025-03-28,1.3792086591098345
2025-03-29,1.3792228428589364
2025-03-30,1.3791197562628554
2025-03-31,1.3791185535457404
2025-04-01,1.3791874347384165
2025-04-02,1.3792123453132774
2025-04-03,1.3791096022360774
2025-04-04,1.3790679579202276
2025-04-05,1.3790634124794934
2025-04-06,1.3789656249908584
2025-04-07,1.3788725243697377
2025-04-08,1.3787836759964534
2025-04-09,1.378755238274641
2025-04-10,1.3786844594740786
2025-04-11,1.378682471654089
2025-04-12,1.3786048672394429
2025-04-13,1.3786447336563064
2025-04-14,1.3787475857595524
2025-04-15,1.378698732609567
2025-04-16,1.3785996754166807
2025-04-17,1.3785164400849241
2025-04-18,1.3782760912996108
2025-04-19,1.3783825146715043
2025-04-20,1.3783221467684326
2025-04-21,1.3782714799811426
2025-04-22,1.3783535988333502
2025-04-23,1.378509495462833
2025-04-24,1.3784550221569778
2025-04-25,1.3784784628437963
2025-04-26,1.3782519064754502
2025-04-27,1.3780236955839338
2025-04-28,1.3780265816381077
2025-04-29,1.3781353943508794
2025-04-30,1.3783019618716514
2025-05-01,1.3784967735651026
2025-05-02,1.3785452600886363
2025-05-03,1.3785983158975712
2025-05-04,1.3786704378790795
2025-05-05,1.3788581230085375
2025-05-06,1.3789530586904628
2025-05-07,1.3791299781972552
2025-05-08,1.3795515432149132
2025-05-09,1.380063537709882
2025-05-10,1.380404845698832
2025-05-11,1.3811613142394683
2025-05-12,1.3819447208281364
2025-05-13,1.3821807097832608
2025-05-14,1.3824003439782402
2025-05-15,1.3826192156133172
2025-05-16,1.382814965979463
2025-05-17,1.3828507767979907
2025-05-18,1.3830786898869882
2025-05-19,1.3835246426932137
2025-05-20,1.3837522671905544
2025-05-21,1.384251660168297
2025-05-22,1.3850815016564122
2025-05-23,1.386084036449512
2025-05-24,1.3863276693317432
2025-05-25,1.3862255275412267
2025-05-26,1.3864490266631941
2025-05-27,1.3867091472978699
2025-05-28,1.3869300429136677
2025-05-29,1.387230289194906
2025-05-30,1.3874298748852207
2025-05-31,1.3876503431941067
2025-06-01,1.3878767000155006
2025-06-02,1.3881802134889838
2025-06-03,1.3884619699877752
2025-06-04,1.3886593146001152
2025-06-05,1.388877137908262
2025-06-06,1.388996974083599
2025-06-07,1.389145891518303
2025-06-08,1.389299621871062
2025-06-09,1.3894848049189925
2025-06-10,1.3899734467673601
2025-06-11,1.390326916333215
2025-06-12,1.3905526737383058
2025-06-13,1.390649167168183
2025-06-14,1.3906668866477863
2025-06-15,1.390803371484
2025-06-16,1.391038943129872
2025-06-17,1.3911784394496096
2025-06-18,1.3912710934773134
2025-06-19,1.3913408517769057
2025-06-20,1.3913595045231086
2025-06-21,1.3913024657535624
2025-06-22,1.3914006282775935
2025-06-23,1.3914159218245612
2025-06-24,1.3914255703333303
2025-06-25,1.3914269092691183
2025-06-26,1.3914052849777212
2025-06-27,1.3913812977205124
2025-06-28,1.391537415909949
2025-06-29,1.3917397753352356
2025-06-30,1.3919503669165993
2025-07-01,1.3920531339759594
2025-07-02,1.3920388847478213
2025-07-03,1.392258343449855
2025-07-04,1.3924497757832357
2025-07-05,1.3926710417750041
2025-07-06,1.3928923429268478
2025-07-07,1.3931136792443541
2025-07-08,1.3933350507331108
2025-07-09,1.3935587145550443
2025-07-10,1.393837111274145
2025-07-11,1.3944949654673486
2025-07-12,1.3948371875605323
2025-07-13,1.3951578751496345
2025-07-14,1.3961748825183977
2025-07-15,1.3971224201646233
2025-07-16,1.3980399227194489
2025-07-17,1.3987522034290907
2025-07-18,1.3996474857472005
2025-07-19,1.3998698954846618
2025-07-20,1.4004374630881071
2025-07-21,1.401397696855539
2025-07-22,1.4020539872462086
2025-07-23,1.4028662675175747
2025-07-24,1.4032274258653463
2025-07-25,1.4038454027000509
2025-07-26,1.4046193439942767
2025-07-27,1.4052710808752893
2025-07-28,1.4057958626511915
2025-07-29,1.4059758593611298
2025-07-30,1.4062081134641367
2025-07-31,1.4064878537387844
2025-08-01,1.4064474823468638
2025-08-02,1.4063960441221706
2025-08-03,1.4063555073949574
2025-08-04,1.4064252095751286
2025-08-05,1.4065254578898432
2025-08-06,1.4066239594597763
2025-08-07,1.4068226354956077
2025-08-08,1.4070813795474644
2025-08-09,1.407483979079085
2025-08-10,1.4077773807163054
2025-08-11,1.4080898182898673
2025-08-12,1.4083680653000024
2025-08-13,1.4091915249765194
2025-08-14,1.4099549191749543
2025-08-15,1.4101789668059466
2025-08-16,1.410403050039028
2025-08-17,1.4106271688798562
2025-08-18,1.4107808026964115
2025-08-19,1.4108714836086726
2025-08-20,1.4110437666439946
2025-08-21,1.411263814699802
2025-08-22,1.411662669667847
2025-08-23,1.4121333349554026
2025-08-24,1.4126369049640954
2025-08-25,1.412839176783207
2025-08-26,1.413059877534831
2025-08-27,1.4132696793999042
2025-08-28,1.4134833590995048
2025-08-29,1.413590558916032
2025-08-30,1.4136864879649764
2025-08-31,1.4138229454333469
2025-09-01,1.4139048022608873
2025-09-02,1.4140207342204527
2025-09-03,1.4142038580261458
2025-09-04,1.414426784414962
2025-09-05,1.4146283794249261
2025-09-06,1.4147582747658665
2025-09-07,1.4148086936047186
2025-09-08,1.4149674791070979
2025-09-09,1.415192323254463
2025-09-10,1.415417203130487
2025-09-11,1.4156421187408474
2025-09-12,1.4158670700912228
2025-09-13,1.416120885137555
2025-09-14,1.4163965613566398
2025-09-15,1.4166582639582626
2025-09-16,1.416883660534939
2025-09-17,1.4170710865331242
2025-09-18,1.4172962649523542
2025-09-19,1.4175271172051456
2025-09-20,1.4177523680895234
2025-09-21,1.4179776547671925
2025-09-22,1.4181313256985628
2025-09-23,1.418237969329667
2025-09-24,1.4183740335339823
2025-09-25,1.4185039385484255
2025-09-26,1.418526805365635
2025-09-27,1.418705563587964
2025-09-28,1.4188244229901363
2025-09-29,1.4188667364626257
2025-09-30,1.4190480901105411
2025-10-01,1.4192721157664518
2025-10-02,1.4194797023044388
2025-10-03,1.4197052634626133
2025-10-04,1.4199308604633827
2025-10-05,1.42025408965693
2025-10-06,1.4206638970762162
2025-10-07,1.4209500283171583
2025-10-08,1.4212294057207964
2025-10-09,1.421443897960582
2025-10-10,1.4213089287015428
2025-10-11,1.4212106297578617
2025-10-12,1.4212564604981415
2025-10-13,1.4214349357393012
2025-10-14,1.4215180459164762
2025-10-15,1.4217111703392538
2025-10-16,1.4218206969910538
2025-10-17,1.4219979980929964
2025-10-18,1.4222202678171179
2025-10-19,1.4222213735121993
2025-10-20,1.4223520704552512
2025-10-21,1.4224460060606798
2025-10-22,1.4225069264496226
2025-10-23,1.4227067866949195
2025-10-24,1.4229328606500655
2025-10-25,1.4231589705292922
2025-10-26,1.4233851163383078
2025-10-27,1.4236473752494265
2025-10-28,1.4238726292115518
2025-10-29,1.424008943339126
2025-10-30,1.4242467699344261
2025-10-31,1.4244436761943424
2025-11-01,1.4245753024956775
2025-11-02,1.4247304529105609
2025-11-03,1.4248043963872379
2025-11-04,1.4248712016320753
2025-11-05,1.425027928026272
2025-11-06,1.4252014981516037
2025-11-07,1.4253460947861611
2025-11-08,1.425523418639139
2025-11-09,1.4256933251259654
2025-11-10,1.4259198736543417
2025-11-11,1.4260624883275062
2025-11-12,1.4261177597186387
2025-11-13,1.4263178637819647
2025-11-14,1.4265445115521
2025-11-15,1.4267723511238606
2025-11-16,1.4269990711139022
2025-11-17,1.427232451022537
2025-11-18,1.4274725372246688
2025-11-19,1.4276993684771593
2025-11-20,1.427926235774068
2025-11-21,1.428138006244461
2025-11-22,1.4283327109771908
2025-11-23,1.4285187262830585
2025-11-24,1.42860414676439
2025-11-25,1.4286950523838378
2025-11-26,1.4288569660268389
2025-11-27,1.4289878408607437
2025-11-28,1.4291056605884949
2025-11-29,1.4291370209920882
2025-11-30,1.4293342119504495
2025-12-01,1.4294452461237863
2025-12-02,1.4294031589811116
2025-12-03,1.4295597356739125
2025-12-04,1.4296649255520908
2025-12-05,1.429721006602935
2025-12-06,1.429762109999465
2025-12-07,1.4297913188139553
2025-12-08,1.4299051404158212
2025-12-09,1.430039564191224
2025-12-10,1.4302492258328736
2025-12-11,1.4304592499836812
2025-12-12,1.4307146194926268
2025-12-13,1.430939228157508
2025-12-14,1.4311185631579908
2025-12-15,1.4312650628673003
2025-12-16,1.4314100405855437
2025-12-17,1.4315106307927565
2025-12-18,1.4316684811456069
2025-12-19,1.431788397043204
2025-12-20,1.431811439829859
2025-12-21,1.431988891489838
2025-12-22,1.4321304563501942
2025-12-23,1.432247497846062
2025-12-24,1.4324575385308274
2025-12-25,1.4326851008978208
2025-12-26,1.4328641656319685
2025-12-27,1.4329805718170971
2025-12-28,1.4330416536307984
2025-12-29,1.4332183588103893
2025-12-30,1.433419323651378
2025-12-31,1.4336470998726705
2026-01-01,1.4338749122885408
2026-01-02,1.433990244931556
2026-01-03,1.4341296775049825
2026-01-04,1.4342675214741212
2026-01-05,1.4343794561236707
2026-01-06,1.4345730688676632
2026-01-07,1.434882830123335
2026-01-08,1.435110628978462
2026-01-09,1.4353386739551217
2026-01-10,1.4355667551690654
2026-01-11,1.435778896012224
2026-01-12,1.43595465737814
2026-01-13,1.4361292432481416
2026-01-14,1.4363214221518243
2026-01-15,1.436549659528495
2026-01-16,1.4367779331730228
2026-01-17,1.437006243091171
2026-01-18,1.4372345892887033
2026-01-19,1.4374160566017646
2026-01-20,1.437327627163057
2026-01-21,1.4373932550771866
2026-01-22,1.4374702074720997
2026-01-23,1.4373085475259775
2026-01-24,1.4371926466675793
2026-01-25,1.4371467570243397
2026-01-26,1.437193411085389
2026-01-27,1.4373976760452365
2026-01-28,1.4376189462303879
2026-01-29,1.437827598136855
2026-01-30,1.4378867419907018
2026-01-31,1.4379043491193635
2026-02-01,1.4376889920898577
2026-02-02,1.437198426453603
2026-02-03,1.4369764314328937
2026-02-04,1.437163368141731
2026-02-05,1.4373272365407905
2026-02-06,1.43705545522207
2026-02-07,1.4367627282371676
2026-02-08,1.436626596993912
2026-02-09,1.4366068555075302
2026-02-10,1.4367235855747433
2026-02-11,1.436720905715907
2026-02-12,1.4367425403040983
2026-02-13,1.4368482233157183
2026-02-14,1.4370009111075304
2026-02-15,1.4370501823379496
2026-02-16,1.4371270405377465
2026-02-17,1.4372577890283569
2026-02-18,1.437378345219402
2026-02-19,1.4375227435430566
2026-02-20,1.437647971242278
2026-02-21,1.437659352971287
2026-02-22,1.4377155041256415
2026-02-23,1.4377059768300966
2026-02-24,1.4378323999854021
2026-02-25,1.4379036102783422
2026-02-26,1.4380076778469724
2026-02-27,1.4380528094920626
2026-02-28,1.4378979560007132
2026-03-01,1.4379582720952206
2026-03-02,1.4379614099736187
2026-03-03,1.4380556210489008
2026-03-04,1.4379720635598572
2026-03-05,1.4380100031244358
2026-03-06,1.4381037470103284
2026-03-07,1.4380521053896784
2026-03-08,1.4378194187940616
2026-03-09,1.437777674596663
2026-03-10,1.4377504837904014
2026-03-11,1.4375612465104113
2026-03-12,1.4373211213729622
2026-03-13,1.437441587150694
2026-03-14,1.437392631401794
2026-03-15,1.4374327575724493
2026-03-16,1.4374296060149119
2026-03-17,1.4373815223792874
2026-03-18,1.4374274787863184
2026-03-19,1.4373257764936953
2026-03-20,1.4374247099883062
2026-03-21,1.4373842083568344
2026-03-22,1.4370904283596284
2026-03-23,1.4370245804588542
2026-03-24,1.4370890409884378
2026-03-25,1.4372874088694463
2026-03-26,1.4372847350016427
2026-03-27,1.4372883733100936
2026-03-28,1.4374522079091652
2026-03-29,1.4376224895177143
2026-03-30,1.4375742989880287
2026-03-31,1.4374796502121086
2026-04-01,1.437333956680081
2026-04-02,1.4370592257833399
2026-04-03,1.4369867864677646
2026-04-04,1.4369370879582368
2026-04-05,1.4367234867949117
2026-04-06,1.436739481899158
2026-04-07,1.4367930619989768
2026-04-08,1.43698922645954
2026-04-09,1.4370376108106677
2026-04-10,1.4371997246180643
2026-04-11,1.4373778401950903
2026-04-12,1.4373623072331558
2026-04-13,1.4373861707192601
2026-04-14,1.4371441897418007
2026-04-15,1.436824905754381
2026-04-16,1.4365339347875419
2026-04-17,1.4362813777223573
2026-04-18,1.435909888010254
2026-04-19,1.435567763682785
2026-04-20,1.435490532639182
2026-04-21,1.4353631191831655
2026-04-22,1.4353128373264192
2026-04-23,1.4352854080812674
2026-04-24,1.4353259287377713
2026-04-25,1.4354173265748293
2026-04-26,1.435352647258025
2026-04-27,1.4353564757400594
2026-04-28,1.4352727455734768
2026-04-29,1.4352880231566103
2026-04-30,1.4352133879539546
2026-05-01,1.4351833345993732
2026-05-02,1.4352281753855627
2026-05-03,1.4353681428217866
2026-05-04,1.4353469918725905
2026-05-05,1.4354018425233708
2026-05-06,1.4355078372503194
2026-05-07,1.435604679493801
2026-05-08,1.4357978710305472
2026-05-09,1.4359033213524157
2026-05-10,1.4360416240800657
2026-05-11,1.4361640316595878
2026-05-12,1.4363164147568794
2026-05-13,1.436474580019157
2026-05-14,1.4365262726719905
2026-05-15,1.4365544118412366
2026-05-16,1.4364624002576223
2026-05-17,1.4363954624642428
2026-05-18,1.4364923370099123
2026-05-19,1.4367165771644912
2026-05-20,1.4369423963149506
2026-05-21,1.4371405014938532
2026-05-22,1.437305911540983
2026-05-23,1.4372303425134951
2026-05-24,1.4372162057379971
2026-05-25,1.4371114823222466
2026-05-26,1.437085420031873
2026-05-27,1.4371022480285047
2026-05-28,1.4372001818659543
2026-05-29,1.4373720656559394
2026-05-30,1.4375224117693088
2026-05-31,1.4377330787758416
2026-06-01,1.4379615404705512
2026-06-02,1.4381890122435437
2026-06-03,1.4383104534169247
2026-06-04,1.4384298954292494
2026-06-05,1.4384670496077647
2026-06-06,1.4384977740310663
2026-06-07,1.438577178690437
2026-06-08,1.4386318778202023
2026-06-09,1.4387202402343826
2026-06-10,1.4386661908857667
2026-06-11,1.4386950691980562
2026-06-12,1.4387335371844818
2026-06-13,1.4389422000802208
2026-06-14,1.4391543951444958
2026-06-15,1.4393391320203415
2026-06-16,1.4394941265489054
2026-06-17,1.4396529748835227
2026-06-18,1.4397399340160273
2026-06-19,1.4399484655779453
2026-06-20,1.4401319185301422
2026-06-21,1.4400975740379365
2026-06-22,1.4402198605612873
2026-06-23,1.4402248492566578
2026-06-24,1.4402304645151254
2026-06-25,1.440033236968741
2026-06-26,1.4397821893161948
2026-06-27,1.4396584042482454
2026-06-28,1.439496846995641
2026-06-29,1.4394832776883828
2026-06-30,1.4395862613587869
2026-07-01,1.4397212939880721
2026-07-02,1.439947558104924
2026-07-03,1.440179452265307
2026-07-04,1.4404083026988177
2026-07-05,1.4406371894976027
2026-07-06,1.4408661126674407
2026-07-07,1.4410950722141112
2026-07-08,1.4413240681433945
2026-07-09,1.4415531004610722
2026-07-10,1.4417821691729265
2026-07-11,1.442010752936308
2026-07-12,1.4422398943710213
2026-07-13,1.4424690722172502
2026-07-14,1.4426976408316239
2026-07-15,1.4429245865138054
2026-07-16,1.4431538731604296
2026-07-17,1.4433831962416441
2026-07-18,1.4436125557632387
2026-07-19,1.4438419517310037
2026-07-20,1.4440229045582862
2026-07-21,1.4441697840838816
2026-07-22,1.4443519755993737
2026-07-23,1.444322173384155
