,funding_timing_1h,crypto_reversal_1h,equity_tsmom_1h
2023-05-12,0.0,,
2023-05-13,0.0,,
2023-05-14,0.0,,
2023-05-15,0.0,,
2023-05-16,0.0,,
2023-05-17,0.0,,
2023-05-18,0.0,,
2023-05-19,0.0,,
2023-05-20,0.0,,
2023-05-21,0.0,,
2023-05-22,0.0,,
2023-05-23,0.0,,
2023-05-24,0.0,,
2023-05-25,0.0,,
2023-05-26,0.0,,
2023-05-27,0.0,,
2023-05-28,0.0,,
2023-05-29,0.0,,
2023-05-30,0.0,,
2023-05-31,0.0,,
2023-06-01,0.0,,
2023-06-02,0.0,,
2023-06-03,0.0,,
2023-06-04,0.0,,
2023-06-05,-0.0009694188500000145,,
2023-06-06,0.0005413595612582256,,
2023-06-07,0.000781246830964033,,
2023-06-08,0.0011798455740998914,,
2023-06-09,0.0008780875368425978,,
2023-06-10,0.000990935379100888,,
2023-06-11,0.0006686432931504172,,
2023-06-12,0.0008731526281327007,,
2023-06-13,0.0012746885830363652,,
2023-06-14,0.001221290110614781,,
2023-06-15,0.000782283979455789,,
2023-06-16,0.0006634485751351171,,
2023-06-17,0.000420724674652595,,
2023-06-18,-0.0004165405928324706,,
2023-06-19,0.0002082872842903427,,
2023-06-20,-0.00017384918162166585,,
2023-06-21,0.0008463889790166768,,
2023-06-22,0.000734420851419948,,
2023-06-23,0.0006074549087178305,,
2023-06-24,0.0008657317439346723,,
2023-06-25,0.000969844942686704,,
2023-06-26,0.0010242653666228119,,
2023-06-27,0.0012478649074521009,,
2023-06-28,0.0008834058670110778,,
2023-06-29,0.0008029730646044175,,
2023-06-30,0.0014980139039375562,,
2023-07-01,0.001190463597311675,,
2023-07-02,0.001487746540853152,,
2023-07-03,0.002182647169290508,,
2023-07-04,0.0016055626479813956,,
2023-07-05,0.000706500371937091,,
2023-07-06,0.0008560329517499632,,
2023-07-07,0.0012141568654218116,,
2023-07-08,0.0005854810809602373,,
2023-07-09,0.0006748539884278149,,
2023-07-10,0.000910602046648501,,
2023-07-11,0.0006729739877073815,,
2023-07-12,0.0006192256940362739,,
2023-07-13,0.0006430484212034404,,
2023-07-14,0.0009528275558485788,,
2023-07-15,0.0003095615600061663,,
2023-07-16,0.00028840518525918846,,
2023-07-17,0.0003000431289534866,,
2023-07-18,0.0003000431289534866,,
2023-07-19,0.00018229631433475113,,
2023-07-20,0.00014286693518128502,,
2023-07-21,0.00013765808406929203,,
2023-07-22,-0.00048731024606696316,,
2023-07-23,-0.0005369188502237776,,
2023-07-24,-0.0009668391364007212,,
2023-07-25,-0.0014067515622114835,,
2023-07-26,8.437222182311466e-05,,
2023-07-27,6.919755449663612e-05,,
2023-07-28,-0.0004475353177385566,,
2023-07-29,-0.0004892355449072072,,
2023-07-30,-0.0025209702984125837,,
2023-07-31,-0.00047919837330223647,,
2023-08-01,-0.0003759301950795324,,
2023-08-02,0.00023974435567253316,,
2023-08-03,0.00015997259159350463,,
2023-08-04,-0.0004332262661295161,,
2023-08-05,0.00011895215654833535,,
2023-08-06,9.442655226310492e-05,,
2023-08-07,0.00011528350117639974,,
2023-08-08,-0.0008587875922949628,,
2023-08-09,0.00012598678477737657,,
2023-08-10,0.00014873699905892934,,
2023-08-11,0.00013125388777535107,,
2023-08-12,0.00014043263658103378,,
2023-08-13,0.00013966393345810069,,
2023-08-14,-0.002920116952113583,,
2023-08-15,0.0001010669683794152,,
2023-08-16,-0.0003568402278780747,,
2023-08-17,-0.00061619199696894,,
2023-08-18,-0.0004999999999999449,,
2023-08-19,0.0,,
2023-08-20,0.0,,
2023-08-21,0.0,,
2023-08-22,-0.0004787210021128807,,
2023-08-23,-0.0005367239101449206,,
2023-08-24,-0.0005495166526242601,,
2023-08-25,-0.0005130925504499562,,0.0
2023-08-26,0.0,,
2023-08-27,0.0,,
2023-08-28,0.0,,0.0
2023-08-29,-0.0015024448810986302,,0.0
2023-08-30,6.289345806842483e-05,,-0.000913269177679088
2023-08-31,8.101732962928487e-05,,-0.0007862952681637614
2023-09-01,8.529147036506757e-05,,-0.001956547479888271
2023-09-02,0.0001164394918968803,,
2023-09-03,0.00013955697129475197,,
2023-09-04,7.269585163505177e-05,,
2023-09-05,0.00014707096177146717,,0.005774069729491682
2023-09-06,-0.00036083328130298575,,0.002988722662370824
2023-09-07,-0.0008809408995011925,,0.0010665579042448137
2023-09-08,0.0005871899909148937,,-0.00012124223248044519
2023-09-09,0.0003000431289534866,,
2023-09-10,-0.0005155457810309683,,
2023-09-11,5.714271457568643e-06,,-0.004646075562768526
2023-09-12,-0.0004981038478208966,,-0.006419736282621047
2023-09-13,-0.00039379468967803977,,-0.0011721728893073768
2023-09-14,-0.00030919208606394744,,0.003262317241187196
2023-09-15,0.00021193703104538386,,-0.005011542422085458
2023-09-16,-0.0010942245144394125,,
2023-09-17,-0.0004625150392529864,,
2023-09-18,3.44667499845297e-05,,-0.0020005735416938064
2023-09-19,-0.00017295672434525233,,0.0009063186671005585
2023-09-20,0.00038572215492083117,,0.000573748587586298
2023-09-21,0.00030029485132865297,,0.01072853425442788
2023-09-22,0.0003000431289534866,,-0.0012883626069852827
2023-09-23,0.0003000431289534866,,
2023-09-24,0.0003000431289534866,,
2023-09-25,0.0002761073509147671,,0.0023883613393254066
2023-09-26,0.0002476791619823171,,0.008419144550618762
2023-09-27,-0.000854821767673597,,0.0032129426551696927
2023-09-28,0.00017382176612823486,,-0.005048170095998339
2023-09-29,0.00026348855117053205,,-0.0012117235017573558
2023-09-30,-0.0003850609019961926,,
2023-10-01,-0.00034381019969853543,,
2023-10-02,0.0002021462300747512,,0.00716745922197104
2023-10-03,0.0001929792206554204,,0.003557325867065364
2023-10-04,0.00018681608918269532,,0.0009939104973792912
2023-10-05,0.00027616405310992853,,-7.623971695136511e-05
2023-10-06,0.0002535093930189358,,-0.003322484492966127
2023-10-07,0.0002948668510192043,,
2023-10-08,0.00027472648789039766,,
2023-10-09,0.00014388731216086192,,0.0020829202885328524
2023-10-10,-0.0003871705328662989,,0.0027147837371086503
2023-10-11,-0.00021884653744141946,,0.004487830190556208
2023-10-12,0.0003014300776396084,,-0.011460838071067014
2023-10-13,0.00030255605131035423,,-0.001824364815111057
2023-10-14,0.0003000431289534866,,
2023-10-15,0.0003000431289534866,,
2023-10-16,0.0003600659753866253,,-0.008120786666489521
2023-10-17,0.00029937903805521415,,-0.0004247354492841193
2023-10-18,0.00019035670157618867,,0.003427007209957589
2023-10-19,-0.00045409724454359424,,0.010531923417564482
2023-10-20,-0.00024505438436617233,,0.0030347508246471033
2023-10-21,-0.000294712933680108,,
2023-10-22,0.0002109440708801813,,
2023-10-23,0.000606287145213491,,-0.006705698613580724
2023-10-24,0.0006098272883328093,,-0.0027878037621725804
2023-10-25,0.0006849500333412362,,0.000814689695430193
2023-10-26,0.0007713093493615375,,0.005593412523164698
2023-10-27,0.0007447235538586838,,-0.0019473433495685866
2023-10-28,0.0009914209912562644,,
2023-10-29,0.0008814735365882953,,
2023-10-30,0.0012144996167635647,,-0.006322628026039667
2023-10-31,0.001142036282247405,,-0.0014102335110203201
2023-11-01,0.0009839353730711764,,-0.0018052859915285158
2023-11-02,0.0006922164049345536,,0.009099760264619006
2023-11-03,0.0007098060437962239,,0.006175810347025079
2023-11-04,0.0012800899365814633,,
2023-11-05,0.00123834686125468,,
2023-11-06,0.0008431434463582743,,-0.004281656606628936
2023-11-07,0.000511141141708249,,0.0013128506826927122
2023-11-08,0.0012027997263570622,,0.0024080933346939393
2023-11-09,0.002098414862703013,,-0.0002963484906368663
2023-11-10,0.002060135811695174,,8.893279396504639e-05
2023-11-11,0.002181441808990936,,
2023-11-12,0.0017588290273542473,,
2023-11-13,0.0014728942309440995,,-0.0008906788863312087
2023-11-14,0.001100875488174502,,-0.01177076136537869
2023-11-15,0.0009775375221452443,,-0.0020686273129094657
2023-11-16,0.0008073508667667539,,0.004354433195192353
2023-11-17,0.0008024097710541689,,-0.0011248488041604165
2023-11-18,0.00046839160339251507,,
2023-11-19,0.0006018821021660514,,
2023-11-20,0.0013124647941087364,,-0.0025814132703426695
2023-11-21,0.00031733400482680807,,-0.002576635727612908
2023-11-22,0.00044513954978220305,,-0.0009593889688164214
2023-11-23,0.0002824013127291636,,
2023-11-24,0.0003355755997520582,,-0.003818408647729088
2023-11-25,0.0003187943472950927,,
2023-11-26,0.0006329746135194103,,
2023-11-27,0.00040710685280109793,,0.0011933837232944722
2023-11-28,0.0002869448215121473,,0.002006680433682906
2023-11-29,0.0003341582561726675,,0.004654320200451645
2023-11-30,0.0005427189579858549,,-0.008251083825454142
2023-12-01,0.0007642974969641614,,0.005346827054155678
2023-12-02,0.0012675809038049657,,
2023-12-03,0.0012086563994944122,,
2023-12-04,0.0015383032185238843,,-0.005515136295038192
2023-12-05,0.0009126974108208952,,0.002184698066681978
2023-12-06,4.2202304506133714e-05,,0.005004029606809235
2023-12-07,0.00038606848159528084,,-0.0035933139044358464
2023-12-08,0.0013506624709500592,,-0.0023726016656020477
2023-12-09,0.0012994401266417377,,
2023-12-10,0.0008976225098371593,,
2023-12-11,0.002170567902004983,,0.0004685680986971086
2023-12-12,0.0012037449776090003,,-0.0018645266050357767
2023-12-13,0.0010285417751587644,,0.001461303000473535
2023-12-14,0.0009926420991621665,,0.006509600240496072
2023-12-15,0.000711546378781458,,-0.006323629271849929
2023-12-16,0.0005742661024503715,,
2023-12-17,0.0007089146683272318,,
2023-12-18,0.0005123280631236238,,0.003059345868005048
2023-12-19,0.0007241724366424673,,0.005455568838337532
2023-12-20,0.0012418643641289862,,-0.006665331262428964
2023-12-21,0.0016948788523503122,,-0.003545870405370466
2023-12-22,0.002347630634360609,,-0.002565540763693419
2023-12-23,0.0015527514917410556,,
2023-12-24,0.0015095435451339956,,
2023-12-25,0.0014984917145111076,,
2023-12-26,0.0013902807586174681,,-0.0033630563974900163
2023-12-27,0.0023141147796639228,,0.001246731219493924
2023-12-28,0.0019782748742798173,,-0.0001414088383612233
2023-12-29,0.0019948947951167195,,-0.0031273558855847705
2023-12-30,0.0008338525776598882,,
2023-12-31,0.0011395062799752775,,
2024-01-01,0.0018907219113997176,,
2024-01-02,0.0022578650386497756,,0.0005496920430501095
2024-01-03,0.0015668746791204224,,0.0016785196386526202
2024-01-04,0.0011102663730164775,,-7.074945186247295e-05
2024-01-05,0.0007414574854518463,,0.0015219472339704776
2024-01-06,0.0004543844959377097,,
2024-01-07,0.0006999862426830816,,
2024-01-08,0.001322524879515674,,-0.009645564949460672
2024-01-09,0.0017036987991145836,,-0.0049264839366111035
2024-01-10,0.001793974951448396,,-0.000503184609533136
2024-01-11,0.001313214882900704,,-0.004206489561590199
2024-01-12,0.0008451680579373289,,-0.0019440511391513038
2024-01-13,0.0004819012569858838,,
2024-01-14,0.0006834650711122769,,
2024-01-15,0.0005018042661886213,,
2024-01-16,0.00036207885453598543,,-0.0061352250964250565
2024-01-17,0.0003958666227870111,,0.0004708711579421987
2024-01-18,0.0006540213502874703,,-0.0022735206564572508
2024-01-19,0.000719711228911013,,-0.0014656118577807131
2024-01-20,0.0003800023264286523,,
2024-01-21,0.00038833756904943506,,
2024-01-22,0.00029830140483033674,,-0.00010425215030296364
2024-01-23,0.0004243317422270021,,-0.0019199983614844873
2024-01-24,0.0004319420977347832,,-0.0016466028711855651
2024-01-25,0.00036086447832417434,,0.000598513989324756
2024-01-26,0.00031978579394431605,,0.00044166347367080583
2024-01-27,0.00037413634013105934,,
2024-01-28,-0.0003351611672675059,,
2024-01-29,-0.00037957754675010946,,0.00041549913352811885
2024-01-30,-0.00040089627013384366,,-0.0015429780920238612
2024-01-31,0.000115613160034167,,0.000505213550839434
2024-02-01,-0.00035875934095552786,,0.0013982139435890772
2024-02-02,0.00022364756399406716,,-0.008379846613751685
2024-02-03,-0.001073718215935493,,
2024-02-04,-0.000813198929144221,,
2024-02-05,0.00025072253162616853,,-0.0014887058426283906
2024-02-06,-0.00046393096989516547,,-0.003993918364028959
2024-02-07,-0.0002428419760279743,,0.0015128316979793333
2024-02-08,0.0006578337977032334,,0.00045919774828773186
2024-02-09,0.001085660519002385,,0.0032374044028418147
2024-02-10,0.0010325033465898859,,
2024-02-11,0.000635410317912477,,
2024-02-12,0.0009225128237528857,,0.0018158604709157533
2024-02-13,0.0012423021652523403,,-0.005793059223136887
2024-02-14,0.0013094194876452914,,-0.0071640788991109705
2024-02-15,0.0009274158602978755,,-0.00734438285566863
2024-02-16,0.0005147393515811949,,-0.0008175664352803036
2024-02-17,0.0006563166330686432,,
2024-02-18,0.00045730493774143177,,
2024-02-19,0.0009671225949763329,,
2024-02-20,0.0006891243157600702,,-0.005328012462103349
2024-02-21,0.0005268862143710251,,-0.0008014792201272991
2024-02-22,0.0005021783917917855,,-0.0029183988865528754
2024-02-23,0.0004881872639406204,,-0.0029058406041548857
2024-02-24,0.0003398924430624284,,
2024-02-25,0.0010585212774696373,,
2024-02-26,0.0010400864492627893,,-0.0015468211655081943
2024-02-27,0.0016368147800662758,,-0.00011925522300459956
2024-02-28,0.003268892187442418,,-0.005778108637604529
2024-02-29,0.0023572133428957365,,-0.005544101932786427
2024-03-01,0.0014251043012754039,,0.006214304610047128
2024-03-02,0.001454280846185707,,
2024-03-03,0.0020514836304517114,,
2024-03-04,0.002694934661100934,,0.0011973328559620189
2024-03-05,0.004477141449734656,,-0.006887686385480207
2024-03-06,0.0033284054827222853,,0.0017153442277635378
2024-03-07,0.0017888506083107991,,-0.00043653356964445944
2024-03-08,0.002057521636337878,,-0.002348679581058999
2024-03-09,0.0019986708286445776,,
2024-03-10,0.001823954127170957,,
2024-03-11,0.001286581765432837,,-0.0018680354032553081
2024-03-12,0.001825493852659621,,-0.006008919837377724
2024-03-13,0.0021503540948268896,,-0.00063703090443612
2024-03-14,0.0024602629778363028,,0.0034378368472549603
2024-03-15,0.0019622912882419907,,-0.00019142317396314557
2024-03-16,0.0009738640992305037,,
2024-03-17,0.0014437346947577812,,
2024-03-18,0.0010404911647103887,,0.0013208161606370616
2024-03-19,0.0008592187118878769,,-0.0026671787771573863
2024-03-20,0.0005110414878195524,,-0.0024972631769631937
2024-03-21,0.0004311415353444037,,-0.002231636503835177
2024-03-22,0.00047090455162757117,,-0.00020923425867103163
2024-03-23,0.0003019976407911962,,
2024-03-24,0.0004916445940279512,,
2024-03-25,0.001312873705936024,,-0.0018351362271663563
2024-03-26,0.0011952609676086912,,0.0021786962978072033
2024-03-27,0.001711255123233446,,-0.0024427885234447055
2024-03-28,0.0014451995994479994,,0.0006934849162150147
2024-03-29,0.0021110854760038045,,
2024-03-30,0.0015299024594019883,,
2024-03-31,0.001843796788409513,,
2024-04-01,0.001346212933705182,,-0.0029874347888967367
2024-04-02,0.0008973528076725579,,0.0035767075458181807
2024-04-03,0.0007540227110183206,,0.0023697239428028816
2024-04-04,0.00048051320202890935,,-0.0019927485444131143
2024-04-05,0.0006528087368529167,,-0.0029011214316130296
2024-04-06,0.0006955935182801909,,
2024-04-07,0.00047578736399822574,,
2024-04-08,0.0006633022534909827,,0.0024993568733195914
2024-04-09,0.0008458752135067638,,-0.0014956918664120744
2024-04-10,0.0007315120199424818,,-0.001645257171440373
2024-04-11,0.000527566718141248,,0.0021274557064017152
2024-04-12,0.0007382262361443903,,0.0005081249490845874
2024-04-13,0.0004820103482221505,,
2024-04-14,0.0006672298641832164,,
2024-04-15,0.0002561274458154905,,0.006035436837816155
2024-04-16,0.0003482322663967974,,-0.0008583911520931853
2024-04-17,0.0004704054703945637,,0.0027786489821119975
2024-04-18,-0.00046988799576741513,,0.001045512895029077
2024-04-19,-0.00036773861802341656,,-0.0007968295772704526
2024-04-20,-0.0009030066417274885,,
2024-04-21,0.0002474236222274051,,
2024-04-22,0.00020194927871264312,,-0.0039001376645370067
2024-04-23,-0.0004451533138500885,,0.00218399284566706
2024-04-24,-0.0003315327439742388,,-0.0020540246564711984
2024-04-25,0.00012338746632978292,,-0.0013093434908310053
2024-04-26,0.00028369141748996185,,0.0009369175242659455
2024-04-27,0.0003000431289534866,,
2024-04-28,0.00038265655896996265,,
2024-04-29,0.0002553904720825617,,-0.0026987960783797504
2024-04-30,0.0002721263738456603,,-0.00921445605721638
2024-05-01,0.0003093390170714194,,-0.0036907379120589834
2024-05-02,0.00025175597078574974,,-0.004966903321027671
2024-05-03,-0.0005253709282488916,,-0.00042608148623524134
2024-05-04,-0.0009565747950830428,,
2024-05-05,0.00015733260556238804,,
2024-05-06,-0.00017761593402276787,,0.00483704029011367
2024-05-07,0.0005277735860862443,,-0.0008069624742146342
2024-05-08,0.00037989377577463124,,-0.0030487805663867995
2024-05-09,4.1230696203653494e-05,,0.006365345336247774
2024-05-10,0.00043228383531968007,,-0.0028111132835876296
2024-05-11,0.0003445633550154259,,
2024-05-12,0.00019825434361697702,,
2024-05-13,-0.0008677347545275049,,-0.0038940698468743484
2024-05-14,0.00031457335774387474,,0.0030844317302900492
2024-05-15,0.0004391399037102506,,0.009841018482051878
2024-05-16,0.00025295270474945397,,-0.0017011390634905643
2024-05-17,0.0005560290004116286,,0.006518034169975984
2024-05-18,0.0004327283731850873,,
2024-05-19,0.00031666036899102856,,
2024-05-20,0.0003068589813859379,,0.0009916939179031026
2024-05-21,0.001024525748078764,,-0.001650888267638706
2024-05-22,0.0009309083245787608,,-0.0026398825800555414
2024-05-23,0.0012669701543936984,,0.006862744249710451
2024-05-24,0.0004847090147523936,,-0.004889816627711485
2024-05-25,0.0005264954846353476,,
2024-05-26,0.0008677729641710652,,
2024-05-27,0.001168966553621864,,
2024-05-28,0.0009612307985296109,,-0.0037014425475193624
2024-05-29,0.0008918630930414562,,0.0020356032609880614
2024-05-30,0.0004999795340376867,,-0.005939912094879096
2024-05-31,0.0005161629058627604,,-0.00492574973473725
2024-06-01,0.0008104753571269718,,
2024-06-02,0.0005562966639149902,,
2024-06-03,0.001171259920011547,,0.0020119013809116737
2024-06-04,0.00076243743076021,,0.003294411143489384
2024-06-05,0.0009842622027995684,,-0.0003562079763390624
2024-06-06,0.0004855027853556404,,-0.0010262618183233263
2024-06-07,0.0009396531830698773,,-0.00881632092877882
2024-06-08,0.0009159258808533188,,
2024-06-09,0.0005649191965859668,,
2024-06-10,0.00037634806355701933,,0.0021293205821466543
2024-06-11,0.0009677700655861265,,0.000606253654264588
2024-06-12,0.0006785203961245934,,-0.01660484522627037
2024-06-13,0.0006297127509891087,,-0.0003381866626906982
2024-06-14,0.0005414957152409805,,-0.0009354198460247432
2024-06-15,0.000511149489175855,,
2024-06-16,0.000385415748794804,,
2024-06-17,0.0007268824770039206,,-0.0027377548438584087
2024-06-18,0.0005095446123579705,,2.9006992375846252e-05
2024-06-19,0.00041384779505460045,,
2024-06-20,0.0005330743369289515,,0.002387317056449234
2024-06-21,0.0003561057421477276,,-0.00552392103780186
2024-06-22,0.0003635944645306033,,
2024-06-23,0.00041812448557410065,,
2024-06-24,0.00028248992958057606,,0.0028856115425532902
2024-06-25,0.0003515206780608793,,-0.0015391891477071207
2024-06-26,0.0003000431289534866,,-0.0038884661683948885
2024-06-27,0.0005296100950713534,,-0.003940586305818727
2024-06-28,0.0005164234491545905,,-0.0008143016710215889
2024-06-29,0.0003917469627381376,,
2024-06-30,0.0003145234957744325,,
2024-07-01,0.0004715479358725627,,0.004275733246438929
2024-07-02,0.0005445035215874139,,-0.0006855184678598025
2024-07-03,0.0002255242431350446,,0.0037078427308647743
2024-07-04,0.00021534794659516798,,
2024-07-05,0.00019740031041060035,,0.0032605743202778203
2024-07-06,-0.0021802475413342792,,
2024-07-07,-0.0025900798596327768,,
2024-07-08,-0.0009908456044249725,,-0.004159710196550703
2024-07-09,-0.00021322335347784271,,-0.0007285041217930388
2024-07-10,0.00020516951058469068,,0.0018368376933894925
2024-07-11,0.00016919645550039775,,0.0013147967397464377
2024-07-12,0.0001998639933411539,,0.000754328001434601
2024-07-13,0.0003345216407895091,,
2024-07-14,0.00034162275723126356,,
2024-07-15,0.0003003860590105045,,-0.0013932938507030812
2024-07-16,0.0004261206956794883,,0.005616388764207336
2024-07-17,0.00033935187136791,,-0.000749727945069778
2024-07-18,0.00034486878140849164,,-0.0007740362827420855
2024-07-19,0.00045853176802168605,,0.0024817235695597795
2024-07-20,0.0004343384419420726,,
2024-07-21,0.0007764214837264749,,
2024-07-22,0.0005691162250338611,,-0.0038595243107700794
2024-07-23,0.0007940106130135405,,-5.192991957991833e-05
2024-07-24,0.0004968456876259797,,0.001060255867180837
2024-07-25,0.00031881497149255367,,0.0003235912391790219
2024-07-26,0.00033241998774213855,,-0.005145670042408956
2024-07-27,0.0004342943445918568,0.009163645283918997,
2024-07-28,0.00045661631755034016,-0.0038508822383446217,
2024-07-29,0.0008472042140941216,-0.03456798366348168,0.001121443006032452
2024-07-30,0.0005878633701856817,-0.008532256562215346,-0.00033994806431669744
2024-07-31,0.00038115466738131154,0.025511985902983536,-0.0029097397394809432
2024-08-01,0.000383885603298717,-0.008844756637362616,-0.006350038704058258
2024-08-02,0.0002593677600080113,0.018560253140263105,0.00489024429705176
2024-08-03,0.00030480177405101117,0.004722860038509857,
2024-08-04,0.0002773973707475008,-0.005572406160265997,
2024-08-05,0.00023195830261535377,-0.049765630604245104,0.0032315756309575505
2024-08-06,0.00028824298309815255,0.08320745711797706,-0.004829948625100444
2024-08-07,-0.00047763966761027454,-0.03209961171826525,-0.001631652269316275
2024-08-08,6.925157391290959e-05,-0.07502903528669103,-0.01005228700000771
2024-08-09,-0.0005316015804229801,0.004419884178599176,0.001241287084584597
2024-08-10,-0.00081771236725936,0.010949009573079316,
2024-08-11,0.000309985349822961,-0.03258892369223676,
2024-08-12,0.0003000431289534866,0.008719556465765832,0.004209547170255679
2024-08-13,0.0002935669737365032,0.0020638158121129013,0.005167228470851715
2024-08-14,0.000327039882209057,0.029433835413506415,-0.003231122450849333
2024-08-15,-0.0003802376092126858,0.0008483456010472956,-0.00019810463825642444
2024-08-16,-0.002013164353796837,0.007606293280840282,0.005221591582470708
2024-08-17,0.0001160212294448737,0.0025998247583089995,
2024-08-18,-0.0018929292124384434,0.01077744673832437,
2024-08-19,-0.0013093481185757483,-0.017924457521575676,0.0077948899146953465
2024-08-20,0.0002304009212028557,-0.03566433471458241,-0.0014047761422882887
2024-08-21,-0.00042599737041804087,-0.009522348888116206,0.004146233647006614
2024-08-22,-0.00021235047310330657,0.003287633805359347,-0.007699450445358025
2024-08-23,0.00033970119222259676,-0.03805794410017649,-0.008490066118277184
2024-08-24,0.0004062967376492477,0.04452383093022627,
2024-08-25,0.00045147278027979354,-0.003983961365320976,
2024-08-26,0.00047796928741017375,-0.014698857551752043,0.0002719080210979996
2024-08-27,0.00025913038582925374,-0.03637780794018619,-0.0016269376065630725
2024-08-28,0.0002763334167437126,0.03420812739814827,-0.007580264702037098
2024-08-29,0.0002911470384725501,0.0025513082353536554,-0.006016304085280755
2024-08-30,0.0002951933396888595,0.03644097559063386,0.0030861784487121735
2024-08-31,0.00013445410255874535,0.008659760115814485,
2024-09-01,-0.0003503303296863436,0.03359758115668621,
2024-09-02,-0.00035428617963406683,-0.026612032553963938,
2024-09-03,-0.0015780234964205553,0.008574938990725922,0.007672679348467604
2024-09-04,-0.0023856671033899435,-0.023895397295014886,0.001182203010169136
2024-09-05,-0.0003886343359152944,-0.03165273451702533,-0.0018567802653975951
2024-09-06,-0.0003525531177468455,0.052477298551214746,0.008552857413839599
2024-09-07,0.00024387364105793452,-0.009170088855789293,
2024-09-08,0.00027145014744434093,-0.0055616970709512215,
2024-09-09,-0.0008886358649269344,0.0223739191678185,-0.0034239966538124333
2024-09-10,-0.0007753268798970092,0.0265994396320961,0.002897630704747689
2024-09-11,-0.0009039650572830737,0.03739705950437444,-0.005215961550861681
2024-09-12,0.00028438097251637373,-0.002496327678617516,0.006000358684846052
2024-09-13,0.0002504597938086661,-0.02730208715479987,0.006703537858873343
2024-09-14,0.0003000431289534866,-0.004487518539225244,
2024-09-15,0.0002906248900045316,-0.029841031988811384,
2024-09-16,0.0003000431289534866,-0.018480127139052116,0.0031666989200955786
2024-09-17,0.0002676914962611576,-0.00872190872017764,-0.00010007920680310534
2024-09-18,0.00016772457497693516,-0.03708080378741907,-0.01102983846699035
2024-09-19,0.00047310028985014796,-0.024816662426460523,-0.0018598528701996297
2024-09-20,0.0003079789716731174,-0.00900505567306975,-0.00047213821181679716
2024-09-21,0.00033446910016521336,-0.009679493523001681,
2024-09-22,0.0003096884015529877,0.01488836712667907,
2024-09-23,0.00031090843258740897,-0.009926895468670871,-0.003656801187365666
2024-09-24,0.0003907955305064714,0.004685655159468061,0.005037306469810154
2024-09-25,0.00045532622997845884,-0.004304422770070926,-0.001721479362862155
2024-09-26,0.000470747045404174,-0.01946242238559559,0.005255512731375811
2024-09-27,0.0005589529695531059,-0.01818413880431846,-0.006964842046886743
2024-09-28,0.00030656281510110794,-0.0020687560670115124,
2024-09-29,0.0004603688774302839,-0.0009069665854061215,
2024-09-30,0.0007727385904143791,-0.0075442149599304065,-0.003035687955884381
2024-10-01,0.0006395122027182953,-0.0568795561016866,-0.01168314602884224
2024-10-02,0.00029024777410890934,0.012225576306572616,-0.002082027894368066
2024-10-03,0.0002980747638887671,0.0022216556610668015,0.006832820527518546
2024-10-04,0.00024058551529293482,0.02126402256545057,0.002265533868091474
2024-10-05,0.0002798692126546598,-0.007228862867629582,
2024-10-06,0.00021493321739440852,-0.007773806158535512,
2024-10-07,0.00024003097668079398,0.01961359275518082,0.003586366874873459
2024-10-08,-0.0004276821733991687,0.030484703526782786,-0.010296164065995206
2024-10-09,-0.00028749283113937985,-0.016147861172093658,0.0003338113154116584
2024-10-10,-0.0004011117627412686,0.022397320682249866,-0.0024270990532632153
2024-10-11,-0.0014114314417226215,-0.03165474744850416,-0.0019066481111288391
2024-10-12,0.00016212387142666707,-0.0071306012726408685,
2024-10-13,0.00022440936823064916,-0.00019237047735409796,
2024-10-14,0.00019519063828754568,0.007815946388193051,-0.0016406887311281038
2024-10-15,0.00017308061914200756,0.03632175320770026,-0.007217533735998427
2024-10-16,0.00028367192293687893,0.006669458218005131,0.0035237609023697214
2024-10-17,0.0002626519397188609,0.03215534278213017,-0.0030784428928126717
2024-10-18,0.00032233124265412805,-0.0131132795323331,0.004465803657144329
2024-10-19,0.0003000431289534866,-0.010008389212856628,
2024-10-20,0.0002977425163597225,-0.012399145613244844,
2024-10-21,0.00034176106589889343,-0.009126105024357956,-0.0021246550014265564
2024-10-22,0.00028798415789133003,0.012144537247976706,0.0017758998541426152
2024-10-23,0.00042422143555675973,-0.028754671209175187,-0.0024215332140119505
2024-10-24,0.00033810327508398963,-0.009886358019685737,-0.0034411261973144036
2024-10-25,0.0002505240701646816,-0.01691139554021981,-0.002690871054476296
2024-10-26,0.0003000431289534866,-0.00023084173722154322,
2024-10-27,0.0003000431289534866,0.004716752617542008,
2024-10-28,0.00029640878707715146,0.002026251805958168,-0.0021692260748313874
2024-10-29,0.0003943732822013768,-0.012414068475637863,0.003074773178119772
2024-10-30,0.00042209952644611803,0.0033603415712182283,-0.005966823798722931
2024-10-31,0.0003446749444979691,-0.03913579351328533,0.003312647209779529
2024-11-01,0.0004405065794899077,-0.004371191551605591,-0.0010697039193507951
2024-11-02,0.0002959817144341237,-0.00968603533600132,
2024-11-03,0.00022254489060657967,-0.0035487938501812533,
2024-11-04,0.00015736978873603924,0.010249990786369123,-0.00226269097657128
2024-11-05,-0.0007397929201109488,0.023764153669304067,-0.0029906982067243737
2024-11-06,0.0013557457481094826,-0.050914891565514986,0.006974418627107459
2024-11-07,0.0008468180704952477,-0.011739580361137092,-0.002268637879951352
2024-11-08,0.0007412912812014838,0.007435806815726531,-0.0034634248644670462
2024-11-09,0.0007480432457245278,-0.02747509104306911,
2024-11-10,0.0012800225286839773,-0.02154522780095225,
2024-11-11,0.0014777332681485955,-0.05740663140938884,0.005714642383418678
2024-11-12,0.002080414213183168,0.06927826856952968,-0.0034256648233528253
2024-11-13,0.0009292009264949552,-0.02466352111945691,0.002595827233655479
2024-11-14,0.0009950422505329293,-0.014978299374167836,0.0012462863754778564
2024-11-15,0.0006796565683448996,0.05613702802072473,0.0034669261616675495
2024-11-16,0.001007435077951202,0.0169423759138847,
2024-11-17,0.0006991360777710565,-0.002539843299647071,
2024-11-18,0.0016566274749898469,0.059055534235201046,-0.011505557600600791
2024-11-19,0.0015462025727217554,0.04780070984862972,-0.0007440386298553925
2024-11-20,0.0009812686646639701,-0.007820274190711962,-0.001217797809340504
2024-11-21,0.0008819772371617685,-0.0448918984563107,0.0034316191941958785
2024-11-22,0.001557181617197978,-0.002757572678119935,0.001619676664251557
2024-11-23,0.001310675820459517,-0.010472214429801174,
2024-11-24,0.0012353339527975127,-0.024572344916355515,
2024-11-25,0.0012668231601669078,-0.028661546959426132,-0.007234897095069082
2024-11-26,0.0007519456814286674,0.03356230818324435,-0.0026080137488327937
2024-11-27,0.001045338604162227,-0.06540074584510192,0.0022645583199785158
2024-11-28,0.0004958787124060837,0.011466779567798069,
2024-11-29,0.0008880964117103929,0.009317116848143847,0.0002135976880626167
2024-11-30,0.0013131755391311284,0.003779296348237704,
2024-12-01,0.0007936252348641482,0.015783362330268336,
2024-12-02,0.0007826526248817522,0.044382736738780126,0.0003367581824613719
2024-12-03,0.0011139415742533743,-0.010322659070731155,-0.002253031742228351
2024-12-04,0.0016029635431134004,-0.018675436814263202,0.00037908159619770565
2024-12-05,0.0026868547658744912,-0.044772386501281236,0.0005165879357813541
2024-12-06,0.0020725776996570744,0.023967356444534405,-0.0029029920877634563
2024-12-07,0.0014168869433226483,0.0018404174721586841,
2024-12-08,0.0012238174004575164,-0.008287330693470762,
2024-12-09,0.000966405519753577,0.024114682835782997,-0.008634746246452107
2024-12-10,0.0007731640347758972,0.04272757193515586,-0.0019181765087741276
2024-12-11,0.0005627673341579431,-0.014713702413018726,0.0006235416649180703
2024-12-12,0.0006594427953268145,0.03293134784949858,-0.0011157879445987673
2024-12-13,0.000612143538486265,0.011933609488795183,0.003865303147913446
2024-12-14,0.0005360884764014084,0.012011840660709483,
2024-12-15,0.001289216234803492,0.002411841948819049,
2024-12-16,0.0016513910774762497,-0.005711890062814029,-0.0007821937899471498
2024-12-17,0.0008271822936427586,0.008127074729909367,0.003228229788235115
2024-12-18,0.0007866951547583767,-0.026471635579876862,0.017047472129886554
2024-12-19,0.0004469292082009968,-0.04220690817622419,0.004549407815271689
2024-12-20,0.00022620947753981824,0.022890637070089648,-0.00799681847232736
2024-12-21,-0.0008260325023531356,-0.02109749760949653,
2024-12-22,0.00024296072705398686,0.032882296691923996,
2024-12-23,0.00023486598422217675,0.020046816232548226,-0.007582534778686756
2024-12-24,0.00034109720744868177,0.003519737965785197,-0.004212771994776321
2024-12-25,0.00030752523639843155,-0.008743385582007601,
2024-12-26,0.0003434204836614274,-0.023152324146024972,0.001346230347821109
2024-12-27,0.0003692188658530604,0.026220592047473845,-0.00534941568709546
2024-12-28,0.00032585678407492935,-0.00565655500435891,
2024-12-29,0.000305244974258434,-0.005292621183773272,
2024-12-30,0.0004728017324235889,0.021445121673623335,-0.00796466732635448
2024-12-31,0.0003497777986920525,-0.020195369812315844,-0.001000305753197761
2025-01-01,0.0006630847004425178,0.018263874596869067,
2025-01-02,0.00044728841448615775,-0.020223992459822315,-0.0006630240018911104
2025-01-03,0.0003450345247468789,-0.022431408154368504,-0.0033133014390397397
2025-01-04,0.0003192259991136037,0.0020126010264420735,
2025-01-05,0.0003000431289534866,-0.002051708836178112,
2025-01-06,0.0003032006874439386,-0.010229596290884047,0.00043633910301510426
2025-01-07,0.0005089616594164958,-0.055612481813477554,-9.56613713563037e-05
2025-01-08,0.0005928780952879631,-0.007403895463279353,-0.005513002036914738
2025-01-09,0.0002780225607754705,0.0077287760979865006,
2025-01-10,-0.0008487683936292401,0.03759575739551213,0.007490912165416308
2025-01-11,0.00030128478587543306,-0.009840201900685575,
2025-01-12,0.0003416897759567217,-0.006751585278443661,
2025-01-13,0.00030553421021450866,-0.030421913270855083,-0.00028362722985908473
2025-01-14,0.00022820836872639028,-0.01438106814566531,-0.003856132466256934
2025-01-15,0.00017424398909415828,0.0004233128826447441,-0.009066740295922249
2025-01-16,0.00029282760287530074,-0.007199619435079296,0.0010621606821845653
2025-01-17,0.00037836367239862945,-0.011780952208504725,0.0007995244231024934
2025-01-18,0.0002767290179519488,-0.017923324950501862,
2025-01-19,0.000991960789192614,-0.010396815364266843,
2025-01-20,0.001486851853476523,-0.01833778956411891,
2025-01-21,0.0005642441212867499,-0.02215764205208326,0.006050965274437159
2025-01-22,0.0004240603778993268,0.003295412907234674,-0.0006611385074144494
2025-01-23,0.00026273448926072973,0.02081753002720732,0.0005975470860188903
2025-01-24,0.00030548665183860457,-0.03372912078666335,0.00027770510122815395
2025-01-25,0.00029319682378448064,-0.0057371866005879735,
2025-01-26,0.00029688252041482066,0.0009050964693011476,
2025-01-27,-0.0004490084642858605,0.0014296726957008232,-0.0019418821560137633
2025-01-28,-0.00029410245792660383,-0.03257342017290865,-0.005383447491408955
2025-01-29,0.00021731296264149158,0.007767571564505582,-0.002654389140017699
2025-01-30,0.0002930891946362202,-0.018935532458387083,-0.0030137292503075175
2025-01-31,0.0003950453250245456,-0.019497796833578107,-0.00648629740810025
2025-02-01,0.0002735254118770847,-0.03482787521944963,
2025-02-02,-0.00034527816880403073,-0.040122856177993826,
2025-02-03,-0.00015279761882036613,-0.08250204489397484,-0.0019835659910280024
2025-02-04,0.0002712366452137793,-0.032845871540696736,-0.00405134744940816
2025-02-05,0.0003073680533343115,0.008827434916003796,-0.003346792187669867
2025-02-06,0.0003000431289534866,-0.031478169714572846,0.0003262955093310538
2025-02-07,0.00028173533723441224,-0.00926934138685842,-0.006449403006662746
2025-02-08,0.0002902855531921045,0.010122110010430285,
2025-02-09,0.0002328750385380829,0.02054382462797366,
2025-02-10,0.0002534800571343254,0.026309478548623977,-0.0031017746505080934
2025-02-11,0.00028636919113256276,-0.02664284050502186,0.0009339436713775573
2025-02-12,0.0003000431289534866,0.017875025529429767,-0.0031910310364344774
2025-02-13,0.0002905132330983662,-0.019579842995211094,0.0003996619757140607
2025-02-14,0.0003075505198657513,0.0043255673151083585,-0.0012398235168341598
2025-02-15,-0.00037103193803578183,0.007735248261500516,
2025-02-16,-0.0003485968210452661,-0.00905365800494684,
2025-02-17,0.0001988562327357446,0.014024800507718593,
2025-02-18,0.0002506246197531148,-0.01279615277228141,-0.0010128398186790566
2025-02-19,0.0003000431289534866,0.0036039068996094326,-0.0008731820557368319
2025-02-20,0.00024890839630642425,-0.0014123133837821156,-0.0016535636589684044
2025-02-21,0.00026189442113433437,-0.018041181288443675,-0.0027962901174372057
2025-02-22,0.00043864136421389865,-0.012181487983306205,
2025-02-23,7.941924469578865e-05,-0.0009720560037181913,
2025-02-24,-0.0004050234188520685,-0.0708931197028072,0.0008331703001063229
2025-02-25,-0.001376163292221566,-0.01657439841731001,0.007090469349070094
2025-02-26,-0.0003586493870234575,-0.026939605327680805,-0.00048781854484991616
2025-02-27,-0.0002877969918313461,-0.002072434216415564,0.004827654624457001
2025-02-28,-0.0004183441322099801,-0.09791818389474194,-0.0008346746227351209
2025-03-01,-0.0005246510704899343,0.012993145593001909,
2025-03-02,-0.0008627235668953182,0.012375657445474753,
2025-03-03,0.00024739671183793277,-0.06005834463757309,-0.0023076894367970446
2025-03-04,-0.001122174913178564,-0.030638666412461046,-0.002551311955940161
2025-03-05,-0.0008772265751170183,-0.004712803580945946,0.0031620779555894263
2025-03-06,-0.00041077742752770874,-0.020120113445037835,0.0011385912701560308
2025-03-07,-0.00036880025266039507,0.07812904956454281,-0.002835012758294897
2025-03-08,-0.00038677940653808474,0.0032467131897100376,
2025-03-09,0.00015001078174381455,-0.07730298456531992,
2025-03-10,-0.00035227857735775636,0.002087656498585888,0.002226240219297848
2025-03-11,-0.000869760504863204,0.08479191487179505,-0.0027769086027324974
2025-03-12,-0.0009280302794419937,0.03233338338219993,0.0004794037928139705
2025-03-13,-0.0019012323637247475,0.014042022884509509,0.006256662351732611
2025-03-14,0.00016823951080580102,-0.04311353640576532,-0.0016360153086386608
2025-03-15,-0.0005067627785221296,0.013952148300986122,
2025-03-16,-0.0005410398439915642,-0.0015937116152657804,
2025-03-17,0.0,0.015140178539479798,0.004421072513336899
2025-03-18,-0.0009810092968749462,-0.02602859297704818,-0.003025791770958186
2025-03-19,0.00029984782281111677,-0.043233889339267306,0.003801643266221344
2025-03-20,0.00019312429353468552,-0.007974372470488267,-0.004042984878013689
2025-03-21,0.00016051300104669153,0.00697646990861478,0.0008234561772495486
2025-03-22,0.0002507599672523231,0.003885226461494362,
2025-03-23,-0.00041880278770323187,-0.0075278493677850555,
2025-03-24,-0.00041769097624144713,-0.011373546591875727,0.004514493900626082
2025-03-25,-0.0003765376828874789,-0.005030708350892699,-0.003636931343726002
2025-03-26,9.659154482188903e-05,-0.022914657751692213,-0.0013800934462230297
2025-03-27,-0.00034146842956317425,-0.010952677554993406,-2.454961211950657e-05
2025-03-28,-0.0004907257414693555,-0.04814116628947995,0.0016459320640378472
2025-03-29,-0.00046378475578989775,-0.02411391181409106,
2025-03-30,-0.00043085526927799656,-0.013205371963650792,
2025-03-31,7.015390697495683e-05,0.008298474133962674,0.0039264406578563005
2025-04-01,-0.000386229942310079,-0.016562305919205822,-0.00418535549133392
2025-04-02,-0.0009275226371451284,-0.044727499490791245,-0.002911082511920071
2025-04-03,-0.0024918304013973325,-0.0011831264739505798,-0.010597922043966368
2025-04-04,0.0001251926517096269,0.03209624310225778,0.035288836860823736
2025-04-05,0.00014984320765654147,-0.01397084410433147,
2025-04-06,8.175500520546386e-05,-0.09259582272019107,
2025-04-07,0.0001254220040542986,-0.0027651281302929487,0.008187598290515519
2025-04-08,0.00015001078174381455,-0.019840029828218197,0.012480491026757967
2025-04-09,0.00019439777658725177,-0.06833675363374969,-0.026394051040574573
2025-04-10,0.00015001078174381455,-0.03799961725462209,-0.009304520748739664
2025-04-11,0.00015001078174381455,0.0020093638546139214,0.008476308147657763
2025-04-12,0.00015611751787392159,-0.03623021204743937,
2025-04-13,-0.0009160313937268683,0.04690417522797907,
2025-04-14,-0.00038423539365162185,0.013186138475645315,0.00401509001101874
2025-04-15,-0.0014902572789292634,-0.0122706321860373,0.0007328713095244854
2025-04-16,9.03318216114446e-05,0.04198660507273222,-0.000425870514557114
2025-04-17,-0.0010343943856226945,6.852234174425931e-05,0.0014371393549283962
2025-04-18,-0.0015185713575964765,-0.008456525796283088,
2025-04-19,-0.000949619854724082,-0.006615993952294286,
2025-04-20,-0.0005299910547578168,-0.017625709908250187,
2025-04-21,-0.0020174975431975772,-0.033333182403325834,0.0008690657908430044
2025-04-22,-0.0003552915076163732,-0.07090200008536585,-0.006515022625232403
2025-04-23,0.00023132439391848614,0.011786581010128527,-0.014919192123812985
2025-04-24,-0.0015932032775511917,-0.0032063323792959064,0.0020158910354028947
2025-04-25,-0.0004253785995663728,0.014720597398775848,0.002378163392052546
2025-04-26,-0.0010243415615358575,0.000251145753727533,
2025-04-27,0.0,0.018816203753616145,
2025-04-28,-0.00042141611906532095,0.007466070919506684,-0.00047115467602265593
2025-04-29,-0.00031873129787485244,0.016159319763628277,0.0005023817762521698
2025-04-30,0.00024296857105565728,0.017008008838490074,-0.000771555117681344
2025-05-01,0.0002736923678545722,-0.025922953061352616,-0.002570574588732666
2025-05-02,-0.00037748113667723793,-0.0004714550669295825,0.009383187940553483
2025-05-03,0.00015001078174381455,-0.002143734379290274,
2025-05-04,-0.0003786814732764654,-0.000578579986130423,
2025-05-05,0.0002658799285617519,0.0018094994025092959,-0.0006793693955468028
2025-05-06,0.00016493272878648213,-0.024737747949147737,-0.006717050242346367
2025-05-07,0.0002541244639182594,0.0013758536436194735,-0.004084628655413813
2025-05-08,0.0005202829477206627,-0.11211773680737058,-0.008200216750857914
2025-05-09,0.0006185218010712479,-0.0007949045597996918,-0.0014133995344158823
2025-05-10,0.0004327030314796865,-0.05775808909890001,
2025-05-11,0.0008840248559489616,0.011473923106454231,
2025-05-12,0.0009128538116041085,0.021903663450892896,0.012574980546904424
2025-05-13,0.00031784093896813914,-0.03822583811798963,0.0029867375094523307
2025-05-14,0.0003000431289534866,-0.010369452253338296,0.0008827643972064703
2025-05-15,0.0002991775803284913,0.01725848741586744,-0.005129418560345322
2025-05-16,0.00027404884694059994,-0.012470614311797079,-0.0029377534720728127
2025-05-17,-0.0003974505304215059,-0.0001217926149092996,
2025-05-18,-0.00024198192872360025,0.005319738923678541,
2025-05-19,0.0005454367422290662,-0.007742119866508745,-0.003927146097816747
2025-05-20,0.0003084766434342523,-0.020011637947207395,-0.0009632129961821834
2025-05-21,0.0006031592425523868,0.0503962459101408,0.001037039487449709
2025-05-22,0.0009613049524681561,-0.010742051992578383,-0.0024139006061342227
2025-05-23,0.0011479825857541037,-0.012717179563470071,0.0018636265321583245
2025-05-24,0.000325350432336835,-0.0027124648359458936,
2025-05-25,-0.0005390484303355869,-0.004644442370324131,
2025-05-26,-0.0002590999051681475,0.001169904459408011,
2025-05-27,0.0003431246901357543,0.00982229777814525,-0.009962667820820892
2025-05-28,0.000300629397479657,-0.009673479078139091,-0.0036342060579920288
2025-05-29,0.0003864386386052132,-0.014872086245352967,0.0006777792492782542
2025-05-30,0.00027749095969720194,-0.00959832173350117,-0.0005747565888600814
2025-05-31,0.0003000431289534866,-0.009270983618723028,
2025-06-01,0.00030637236199959617,-0.00866036683017235,
2025-06-02,0.00038975009703934305,-0.011600702470241031,-0.005189846346204563
2025-06-03,0.000366159784509712,-0.0003203627548693522,-0.000893569679154993
2025-06-04,0.0002748776778929152,0.03514454908110687,-0.0026353214704359917
2025-06-05,0.000296974146752671,-0.025500184296228023,0.0011861552324352598
2025-06-06,0.00019108508742760044,-0.021234479603233547,0.0046289174419011925
2025-06-07,0.00022248570243510457,-0.0007127149006318501,
2025-06-08,0.00022766652154304623,0.008858128606708648,
2025-06-09,0.00026161494631904425,-0.06016976083084247,0.0027394557722189017
2025-06-10,0.0005893157193535004,-0.004710288046102851,-0.0003337128020642899
2025-06-11,0.00044318648110919234,-0.00010472213232204375,0.000708724043189779
2025-06-12,0.00030525413379201005,0.00013517075840319137,0.0037371700832584676
2025-06-13,0.00016574496669718997,-0.04200754432367093,0.0010821342640163767
2025-06-14,-0.0009330388625420349,0.002413765031445969,
2025-06-15,0.00020887976439110112,0.007659037593049867,
2025-06-16,0.0003157587053652655,-0.022740964678630737,-0.006733267193715031
2025-06-17,0.00021208831101260373,-0.004234382394000313,0.0070166939954701135
2025-06-18,0.0001615577938653967,0.00031694686588301657,-0.003577322846352038
2025-06-19,0.00013686190664707887,-0.0021410630056621915,
2025-06-20,-0.00033943851736017994,-0.026243164996896384,-0.0011536479133535948
2025-06-21,9.467644671401487e-05,-0.026057306697592097,
2025-06-22,-0.00035787619042615404,-0.027954980346279745,
2025-06-23,7.813302185311066e-05,-0.03694109140605362,-0.00643480943502639
2025-06-24,7.204732459586971e-05,0.019170712217755348,0.011203874205397035
2025-06-25,-0.0013867503697702066,0.0067730704653850005,-0.0025778849974890106
2025-06-26,7.542341325983415e-05,-0.030034972091132373,0.005506390706405018
2025-06-27,-0.0020300906210684033,0.013143553175708034,-0.0010261925901872138
2025-06-28,-0.0002763825016955934,-0.003529399984101067,
2025-06-29,0.00027981351051886705,0.010306517292655526,
2025-06-30,0.0002886567344939639,0.005209459817410389,0.001255981592399591
2025-07-01,0.00017240177960586855,-0.02060545338241715,-0.005617329669821758
2025-07-02,-0.00042624955995651526,-0.036703174879709644,0.0014313111772537024
2025-07-03,-0.0002457171383626333,0.04117761561621869,0.0015216993850870608
2025-07-04,0.00026792474008741074,-0.014509758485956814,
2025-07-05,0.0003000431289534866,-0.00404033920739566,
2025-07-06,0.0003000431289534866,0.02356659242201742,
2025-07-07,0.0003000431289534866,-0.0208275111551236,-0.002419963679486825
2025-07-08,0.0003000431289534866,-0.0023710504656799802,-0.0003988607063212246
2025-07-09,0.0003024737791081922,-0.02706131323423866,-0.001548550096963086
2025-07-10,0.00036136712476553257,-0.044009779552652284,-0.004798070744220673
2025-07-11,0.000769885416256777,-0.0003098798944257686,-0.0019899780813467105
2025-07-12,0.0004298459211236061,0.008552274378216707,
2025-07-13,0.00040658844438135056,-0.008221165982667533,
2025-07-14,0.00115571084825139,-0.021638057739507777,-4.284386615982516e-05
2025-07-15,0.0010801967786318034,-0.03408885696670039,0.001216088640495494
2025-07-16,0.0010472280202455941,-0.036609459038715264,-0.0032370563282440035
2025-07-17,0.0008261943085152712,0.007690051105575968,-0.0014856559761962096
2025-07-18,0.0010222228600000882,-0.03256838826887554,-0.0019713947604552695
2025-07-19,0.0003000431289534866,0.006501603632502961,
2025-07-20,0.0006700198163953619,-0.023707600255876926,
2025-07-21,0.0010907107931126259,-0.00033000547738526453,0.004828260277167651
2025-07-22,0.0007643886876584904,0.008006129475329082,0.002760832476119024
2025-07-23,0.0009310829293394107,-0.007510446530321846,0.0025245258410460103
2025-07-24,0.0004479042179237336,0.01015172291060229,-0.0031072558570816033
2025-07-25,0.0007224860967478541,-0.0051742059427254405,-0.0009737847844863978
2025-07-26,0.0008889731768060294,-0.001674050846207309,
2025-07-27,0.0007579111182403064,-0.001854266404550775,
2025-07-28,0.0006219850967030816,-0.016649139302774896,-0.0023177210460321174
2025-07-29,0.0002537313108621486,-0.01573611766069094,0.0026086683289907597
2025-07-30,0.00030947571400741225,0.039059206628791365,-0.00040314710086208905
2025-07-31,0.0003601042986438596,-0.028137378518968803,9.35128044947664e-05
2025-08-01,-0.00042382547762531697,0.00393151905281619,0.0019203726184091607
2025-08-02,5.6643846219062155e-05,0.004168486348347988,
2025-08-03,-0.000929537279036996,-0.01610501538424447,
2025-08-04,-0.0003764998364003125,-0.03318937748538653,-0.0053341576879039065
2025-08-05,0.00016857500865641306,0.015469586950275893,0.0009300695360312528
2025-08-06,0.00016670436088950247,0.016619524624615245,-0.001019862736235222
2025-08-07,0.00027354440330951135,-0.02771645422993607,0.0008788059835380668
2025-08-08,0.00033757967468472927,0.026051262129612285,0.0016570887843192494
2025-08-09,0.0004909446307670429,-0.012144164880190655,
2025-08-10,0.0003743979829491373,-0.006021233112734947,
2025-08-11,0.00039462324306027696,-0.013451877362174902,-0.004112948094775581
2025-08-12,0.0003581139119308574,-0.025967039945825388,0.001975884924934501
2025-08-13,0.0009391001123595366,-0.01792575281749531,0.00010307783499552414
2025-08-14,0.000874594552186414,-0.014902441946958,-0.006799238038909805
2025-08-15,0.0003000431289534866,-0.02937244114945825,0.0017508155030747652
2025-08-16,0.0003000431289534866,0.0015611518850078276,
2025-08-17,0.0003000431289534866,0.003371610478858811,
2025-08-18,0.00022503544834928668,-0.007730161692075854,-0.001095831572470729
2025-08-19,-0.0018744324615214136,-0.012659275060118769,0.0013029388622844973
2025-08-20,0.0002448390530662703,0.03476883777108597,-0.002859097154796708
2025-08-21,0.0002956061855727832,-0.009179563438194926,-0.0010262546602856082
2025-08-22,0.00048568987824082477,0.025673394773408464,-0.001593482329354079
2025-08-23,0.0005619128229252812,-0.011632982022379723,
2025-08-24,0.0005967171881031685,-0.008388527721524652,
2025-08-25,0.000276460312934379,-0.04161714225657365,-0.0031927426964503125
2025-08-26,0.00029600183627476184,-0.005913565753878358,-0.001118604471382012
2025-08-27,0.00028439270985525233,0.002349060535367764,-0.0024833328070845706
2025-08-28,0.0002884765975916803,-0.004824912843595541,-0.00324281374599944
2025-08-29,0.0001754193209375643,-0.03526842864351187,-0.00012800195372142387
2025-08-30,0.00016344903486675832,0.021860785751454115,
2025-08-31,0.00020645299348798218,-0.008764398212181668,
2025-09-01,0.00014850002925470562,-0.00024186673659265523,
2025-09-02,-0.000844249448186507,0.019408775239109666,0.0052959938110559435
2025-09-03,0.00025593371472343307,-0.01265823556665846,-0.005639241307969001
2025-09-04,0.00029813718107485343,-0.003097390078275475,-0.004786278202483785
2025-09-05,0.00027547169624675405,0.020191012845266698,0.002268626036907362
2025-09-06,0.00019939694630854987,-0.009780821634978398,
2025-09-07,-0.00037749810652687454,-0.00029620214497694253,
2025-09-08,-0.00028308652699093884,0.008077838266890014,0.003226728789609057
2025-09-09,0.0003000431289534866,-0.019966195980021806,-0.0012814077001450652
2025-09-10,0.0003000431289534866,-0.006901375520843689,0.000682810841647008
2025-09-11,0.0003000431289534866,-0.010413570511882742,0.0004282939238742234
2025-09-12,0.0003000431289534866,-0.027832408842493717,-0.004184220365333169
2025-09-13,0.0003305932017394486,-0.007198269230440202,
2025-09-14,0.0003537086566172132,0.0015404558750893305,
2025-09-15,0.00033884847816723074,0.0030676077281919234,0.0035564317392060563
2025-09-16,0.00030034366534370527,-0.0022435241974952946,-0.0006683895615299251
2025-09-17,0.00026009681250349637,-0.002287226431821887,-0.005714491784520881
2025-09-18,0.0003000431289534866,-0.01493269174297307,-0.004207536971921999
2025-09-19,0.0003060119005229289,-0.01660311763183009,-0.0029176176339695825
2025-09-20,0.0003000431289534866,0.0013250154886339516,
2025-09-21,0.0003000431289534866,-0.003616703864373516,
2025-09-22,0.00022422774846742044,-0.038452357839572016,0.0023204034929609207
2025-09-23,0.0001744585087204431,0.015446280185281935,-0.005607090174486684
2025-09-24,0.00020557233299989264,0.0021718599896065616,0.002326595701505507
2025-09-25,0.00019904341206733456,-0.04794092576508635,0.005475285568565358
2025-09-26,-0.0003976114074033532,-0.013654867180726171,-0.0008622592401615892
2025-09-27,-0.0002770301810846032,-0.008361773070508782,
2025-09-28,0.0001873305582622553,-0.017449178994000114,
2025-09-29,0.00010638330717127609,-0.0006240190832360604,-0.0063623689209172385
2025-09-30,0.00025339826367920537,-0.002779733578035959,0.002382251912677713
2025-10-01,0.0002984920836854865,0.003024586357966541,0.0030931251821282313
2025-10-02,0.00028107567357893437,-0.00041250575654538935,0.000693686231338031
2025-10-03,0.0003000431289534866,-0.001231857248849666,0.0024542524679440625
2025-10-04,0.0003000431289534866,0.007928573909046888,
2025-10-05,0.0004031773778787606,-0.011723562703629176,
2025-10-06,0.0004945785014340842,-0.01861376381948776,0.002435701685099545
2025-10-07,0.00036381707454813395,0.008527838454142733,-0.0024779296451710175
2025-10-08,0.00035662433385841297,0.014907931827209397,0.005094451742255979
2025-10-09,0.00028806386463831046,-0.017414161063970424,-0.0046864209626388265
2025-10-10,-0.0004660114556279682,-0.07511352090832635,0.013461035447547731
2025-10-11,0.00012940380193815493,-0.03188484986453677,
2025-10-12,-0.00040106539670659025,-0.02894024501873127,
2025-10-13,0.0002500371847478089,0.024012629300161903,-0.0045505864566862675
2025-10-14,0.00014935757098744062,-0.03161921858284056,0.0011482365646606763
2025-10-15,0.0002654643296233772,-0.0034615802252965233,0.00220340369816574
2025-10-16,0.00017721664853609376,0.015479774843771166,0.001787515336376666
2025-10-17,0.00024872338257697635,0.007958359456325725,-0.004609121786231629
2025-10-18,0.00029614791351506575,0.0007264537510836,
2025-10-19,6.281122494078417e-05,0.0026467591665899626,
2025-10-20,-0.0008374928648544611,0.007190696898266236,0.0025889776749390414
2025-10-21,0.0001607194563848502,-0.020554172821770633,-0.012509217013461527
2025-10-22,0.00012589305635346548,-0.005106258167716038,0.0012107255707696218
2025-10-23,0.0002724272623939594,0.017491094150601905,0.003332171273286333
2025-10-24,0.0003000431289534866,-0.013406979952479192,-0.0028855380527562646
2025-10-25,0.0003000431289534866,-0.00016834334831883346,
2025-10-26,0.0003000431289534866,-0.027956001751712867,
2025-10-27,0.0003380736934699424,-0.004278346640723463,-0.0017519226723965442
2025-10-28,0.0002990213854481283,-0.01331983662584113,-0.0021206407708251884
2025-10-29,0.00020526578587842792,-0.015613134114974225,0.0001786601270674648
2025-10-30,0.0003122085105018435,-0.03091466476993454,-0.0015245422036015421
2025-10-31,0.0002690578303627955,0.022839892640000636,-0.004687038243188502
2025-11-01,0.00020027114680232216,0.006953766976053544,
2025-11-02,0.0002250329783912708,0.010833363653313999,
2025-11-03,-0.0003589487032257255,0.017877762692583454,0.0008656719542949887
2025-11-04,-0.0013813276923948514,0.031009279666598166,-0.0003276069219976252
2025-11-05,0.00022665841975899603,-0.03213646137269699,-0.006414241238639096
2025-11-06,0.00024437393251175443,0.046452793254013525,0.00037768778640034917
2025-11-07,0.00021385095168446888,-0.03447141760459094,-0.0006966504151550978
2025-11-08,0.00024828468556692407,0.005878457828264683,
2025-11-09,0.0002404547150502978,-0.02075298060705011,
2025-11-10,0.0003000431289534866,0.021570175539987302,0.0005830118593710409
2025-11-11,0.00021168888831235577,-0.028542187311088485,0.004449027384211712
2025-11-12,-0.00037279221862851486,0.012455110237727718,0.0013994789827151966
2025-11-13,-0.0002518718271855569,-0.07204506304739478,-0.008694218239795548
2025-11-14,0.0003000431289534866,0.027364337776839998,-0.006480413951852837
2025-11-15,0.0003012587783997045,0.03887314524132823,
2025-11-16,0.0003000431289534866,-0.00827906962433056,
2025-11-17,0.00030700788629700604,-0.019854836164434286,0.005440811834771742
2025-11-18,0.00031401806728026394,,0.0006697509390289902
2025-11-19,0.0003000431289534866,,-0.0043656328360044405
2025-11-20,0.0003000431289534866,,-0.004282598991500741
2025-11-21,0.00028414196209936016,0.1989724004921385,-0.0024642048329702737
2025-11-22,0.00026617975664100513,-7.616704621138393e-05,
2025-11-23,0.0002570240918438049,0.010166636422734188,
2025-11-24,0.0001513492369018543,0.011586307674893881,-0.002880173733223801
2025-11-25,-0.0003607619840177989,-0.011808073171659328,0.00450909680929934
2025-11-26,-0.00026844780930135315,-0.03742907633500503,0.006134213075737138
2025-11-27,0.00019905372402506671,0.019551428806312332,
2025-11-28,0.00018533473234860764,-0.003471501114302389,0.006671121665381863
2025-11-29,9.456381657546586e-05,0.004643482000095789,
2025-11-30,0.0002686469549391113,,
2025-12-01,0.00017818257126323012,-0.06023438678887494,-0.001726885361743924
2025-12-02,-0.00041411638012600616,-0.03947959769950282,-0.0007882865852801846
2025-12-03,-0.00032566542075307403,-0.011951564657073921,0.0018580398355509953
2025-12-04,0.00017203092895323735,0.0020638740694618463,-0.0010690068854504187
2025-12-05,0.00012049054352103461,-0.03692770805185919,-0.004771585229453201
2025-12-06,0.00010477290820709584,0.005514365052114556,
2025-12-07,-0.00036916099016104376,0.02880307320506681,
2025-12-08,-0.00033955996952228507,0.00925928333825965,-0.004067741738437491
2025-12-09,0.00020267676484775343,0.02826482821662113,0.00014755984429326574
2025-12-10,0.00028160051986403367,-9.88119328181325e-05,-0.004110709790614675
2025-12-11,0.00028194850912699465,-0.04959744818654599,0.0018312571746073036
2025-12-12,0.0003294798146429301,-0.006528033587283266,-0.006570292048765358
2025-12-13,0.0002971719552944396,-0.012100513528501167,
2025-12-14,0.00024966380543345323,-0.02224870841860005,
2025-12-15,0.00021521672189384056,-0.014521621379384286,0.0037479463186242956
2025-12-16,0.00021360556671101705,0.01922669200273064,0.0005107427578787682
2025-12-17,-0.0008707256697167987,0.0048908565448904096,-0.0013159315324596799
2025-12-18,0.00022707093562246428,-0.007666720805074134,-0.0033748179594412786
2025-12-19,0.00018729976077414,-0.042357481634585414,-0.0043945984588280584
2025-12-20,-0.00038722813293634584,0.0010473244326998365,
2025-12-21,-0.00028128817097428094,0.025519202842009037,
2025-12-22,0.00020995307941928942,-0.021160623932423128,0.0030201790187389665
2025-12-23,0.0001842479961073895,0.030175141012617646,0.004238187233013502
2025-12-24,0.00028165849207772986,-0.010261469151669256,-0.0006636340190302459
2025-12-25,0.00029997921057955956,-0.01735877283593923,
2025-12-26,0.0002491516386786685,0.054548490408857786,0.004041192311074138
2025-12-27,0.00018352019954326337,-0.006938579441611581,
2025-12-28,-0.00037783006227976035,0.007168329815537611,
2025-12-29,-0.00025894902938705666,-0.014042810164859976,-0.007772134199882208
2025-12-30,0.00027200813015837433,0.0009358130097127937,0.0030975620850957064
2025-12-31,0.0003000431289534866,0.003930491441369588,-0.001981242777027825
2026-01-01,0.0003000431289534866,-0.005716209621012824,
2026-01-02,0.00018231079172670306,-0.01708490313047828,-0.0012396622716326355
2026-01-03,0.00020751511298988667,-0.01251497812022817,
2026-01-04,0.0002058391864736553,-0.002614412449931769,
2026-01-05,0.0001787236398382852,-0.01564973097582123,0.0018733427809667358
2026-01-06,0.00026414742431923877,0.02470853817053187,-0.0010826145034722456
2026-01-07,0.00038560324054981443,-0.01518514617122979,-0.004739498297681277
2026-01-08,0.000299823615852457,0.006412244781280663,-0.005090379189505945
2026-01-09,0.0003000431289534866,-0.0006309199067042748,0.004100012291595956
2026-01-10,0.0003000431289534866,-0.0007141818667319999,
2026-01-11,0.00028334474351665584,0.0009671564563797919,
2026-01-12,0.0002452954546592334,0.022702290360010924,-0.002332187829104826
2026-01-13,0.0002440448106659776,-0.054845169237366376,0.001766580525136341
2026-01-14,0.00026240267339661116,0.0049023865219224305,0.005293539628004051
2026-01-15,0.0003000431289534866,0.00940637859104676,-0.0029268709428119655
2026-01-16,0.0003000431289534866,0.005098555546847461,-0.0029875373232581826
2026-01-17,0.0003000431289534866,-0.00497085205845893,
2026-01-18,0.0003000431289534866,0.013097343629918212,
2026-01-19,0.0002510661183690033,-0.025146558199047764,
2026-01-20,-0.0005018214853973468,-0.059882318823178515,0.0009022507613223318
2026-01-21,-0.00042166015755940034,0.1105114970297365,-0.006860167885849311
2026-01-22,-0.000869734095344521,-0.01828571322404715,-0.0026383973869315014
2026-01-23,-0.0010207923191575263,0.007420308743158355,0.0034539988807158473
2026-01-24,-0.001011481510988288,-0.0010224371442509872,
2026-01-25,-0.001484041098905542,-0.0257062218181755,
2026-01-26,-0.00042954151402141427,0.026682834642082653,0.006678139748806711
2026-01-27,0.0002748715163711779,-0.010951322959282361,0.009968036481675657
2026-01-28,0.0002925919072640504,0.0007495800853474233,0.005894657050785179
2026-01-29,0.0002793869168484786,-0.056789722728169734,-0.0038547751490537463
2026-01-30,0.00012335178285005632,0.06858243936562003,-0.010787378193539032
2026-01-31,-0.00039649494276638997,-0.07660800532362932,
2026-02-01,0.00011207582299865848,-0.002818715442866382,
2026-02-02,-0.0005384427681019988,0.004089160112618728,-0.0023630619578700607
2026-02-03,0.0,0.03598012038837162,-0.014654522628812616
2026-02-04,-0.0008131545995886391,-0.03967079358450998,-0.00024743998954446234
2026-02-05,0.00023270272230746514,-0.11901450553453763,-0.015604963509867842
2026-02-06,-0.0010344736814200672,-0.00891388805642046,-0.005745089327181208
2026-02-07,0.0,-0.02376359318007404,
2026-02-08,0.0,0.03832997031034857,
2026-02-09,-0.0009809765021954187,0.0014064935696278535,-0.000865583458637631
2026-02-10,-0.0008393551766670004,-0.013302656726133955,0.004842385292099793
2026-02-11,5.884738242500909e-05,0.01830181040809098,0.005254447582582422
2026-02-12,-0.0004400709677790937,-0.015818029287559487,-0.015717503358569807
2026-02-13,-0.0003280858735775771,-0.026465635528690523,-0.003927444253788881
2026-02-14,0.00022106583435244076,-0.005751761177540282,
2026-02-15,-0.0004108239252881285,-0.027115256299240387,
2026-02-16,-0.0003581864155096648,0.014566615358038604,
2026-02-17,0.00019813101473564743,0.03996724804556151,0.00098574634228199
2026-02-18,0.0001874793910341399,-0.010193258631394975,-0.013898760147021405
2026-02-19,0.0002123545686552042,-0.011329346630691739,-0.0033184173655281812
2026-02-20,0.0001923315847200957,0.006480877429388077,0.0029313070971737076
2026-02-21,-0.00040594694598505843,-0.0018542837671202683,
2026-02-22,-0.00039750021811224556,-0.00771404649114682,
2026-02-23,-0.0005258537970407318,-0.02888464438895666,0.0003602606506769579
2026-02-24,-0.00030652819052323643,0.0018145013330392867,-0.004354279605230826
2026-02-25,0.00013594156775442734,-0.0029948744100886104,0.003417553652391936
2026-02-26,-0.0008356815906764847,0.017226124062907466,-0.006068743958843048
2026-02-27,0.00010872636026904026,-0.024102429538620185,-0.00022882203370189202
2026-02-28,-0.001531952727757302,-0.066774802628908,
2026-03-01,-0.0004054542629660096,-0.0030508249692272615,
2026-03-02,-0.0003899709068867496,-0.012940956964443195,-0.0014999339893257968
2026-03-03,-0.0003842170967831571,-0.029105193802729246,0.009331412937632289
2026-03-04,-0.00045077012548333517,-0.04912221851091547,-0.0036982596375072507
2026-03-05,0.00010475690020927964,0.02821143236037016,0.009000793351004566
2026-03-06,-0.00034266888074430124,-0.042806814888519784,0.010803922118201026
2026-03-07,-0.0004544759039619706,-0.005053204625852681,
2026-03-08,2.8856326489190565e-05,0.021726269230603057,
2026-03-09,-0.0010158105268862627,-0.01046766930434917,-0.010946269748629667
2026-03-10,0.00010724365985992357,0.04461140655424911,-0.0024587748626221373
2026-03-11,-0.0005047763028024344,0.017271394644632787,0.001163419028526791
2026-03-12,0.0,0.013824636935929169,-0.0012694920635681894
2026-03-13,-0.0009032825384039933,-0.00877448748202947,0.001195418047148511
2026-03-14,-0.0004664499754298834,0.0006259139537410086,
2026-03-15,-0.0009031817150738641,-0.024133898159310774,
2026-03-16,-0.00044464152688838965,-0.03392162617577432,-0.012042526920257868
2026-03-17,-0.0004571226979503962,0.025126755153868308,0.0013676561402646836
2026-03-18,-0.0003984871073998697,-0.049415537295951384,-0.0019401756580473828
2026-03-19,-0.0010588834674056802,-0.026602992753331,-0.0016663211974772274
2026-03-20,-0.0008849582088223951,0.009832050616774834,0.017364015380841202
2026-03-21,-0.0029729419632683607,0.023131431618316878,
2026-03-22,-0.001029346248637264,0.008619404648657403,
2026-03-23,-0.0005205867019737465,0.014648323960851917,-0.01923138403209368
2026-03-24,-0.0003644888056439921,0.006001406304215973,-0.0008158975894878573
2026-03-25,0.00026873016835016195,-0.014021443360493935,-0.011465289132928769
2026-03-26,-0.00044914858477274056,-0.03461857381035505,-0.012712638613371796
2026-03-27,0.00012158239461124154,-0.04092427656810638,0.005209330640961962
2026-03-28,-0.000298309907837635,0.00012129908786029375,
2026-03-29,0.0002393622092782266,0.021374710324243873,
2026-03-30,-0.0004510775726906946,-0.01271870132200148,0.0033892894087363956
2026-03-31,2.858718401399507e-05,-0.02393139402930422,-0.01690215964547248
2026-04-01,-0.0005004788520514003,0.01790369844053341,-0.002663553734090107
2026-04-02,0.0,0.007256996458470777,0.002357049365820707
2026-04-03,-0.0004939494541319478,0.006601097411748302,
2026-04-04,0.00010820968579849932,-0.005680187536624914,
2026-04-05,4.492287525459382e-05,-0.02619010733374827,
2026-04-06,8.652890131721769e-05,-0.025344201841918657,0.0012326241748421563
2026-04-07,-0.00040181530803884424,-0.03429629253162636,-0.0061622999866963735
2026-04-08,0.00026647182015504534,0.004809477382157867,-0.018638826115064733
2026-04-09,0.00011215539688191889,0.018108682323520364,-5.772726480712809e-05
2026-04-10,0.0002308858883866005,-0.00913805955526692,0.0020205369487960034
2026-04-11,0.0002475717115912879,-0.010288653357917843,
2026-04-12,4.543485226848887e-05,-0.02840037493257419,
2026-04-13,8.655057715234449e-05,-0.05296327049787242,-0.00353064462048136
2026-04-14,-0.0010241837709499269,0.019070152817416197,-0.0005517195158100119
2026-04-15,0.0,0.010295507299113993,0.0008728491509011338
2026-04-16,0.0,0.016885378000226492,0.00013331929178694857
2026-04-17,-0.0010287079209387873,-0.03032690245919245,0.014987442048778554
2026-04-18,0.0,-0.019255066685396227,
2026-04-19,0.0,-0.014773887447476763,
2026-04-20,-0.0010069423619227802,0.011558400537627689,-0.006558974881379798
2026-04-21,-0.001009398148565377,0.00812898855392108,-0.008037528608755062
2026-04-22,-0.001462089556759194,-0.026686844270063848,-0.001301882763689255
2026-04-23,-0.001006311375724489,0.0011526131976482556,0.004863073604784329
2026-04-24,0.00012790151186181653,0.001192303096911429,-0.0027685149138246823
2026-04-25,-0.0003521774746416684,0.0040124119168309935,
2026-04-26,-0.0004810140788402695,0.001040091703934154,
2026-04-27,-0.0004674425766681978,-0.009114426384975283,0.0011153897185987027
2026-04-28,-0.0010342284947857383,-0.0032102753947543805,0.0027864264876624745
2026-04-29,-0.00038826942569814005,-0.020033654389103428,0.00632320551859511
2026-04-30,-0.0009719447347341648,0.02017697430807197,-0.008400231544944625
2026-05-01,0.0001098280633036186,-0.025060705108387205,-0.004970356327180125
2026-05-02,0.00011665038878772016,-0.0009076000811899521,
2026-05-03,-0.00029783999202059874,0.007935905172031132,
2026-05-04,-0.000441452472784154,0.025919420818806493,-0.0005003263888821996
2026-05-05,-0.00041125034119027237,0.0022703450946113257,0.003962987109966898
2026-05-06,0.00017242251886151472,0.00810527579891418,-0.0009857993640098872
2026-05-07,0.00016284925536691475,-0.0055726935026789715,-0.004304581345153324
2026-05-08,0.0002635343604626694,0.002749527707075261,0.008192453053989412
2026-05-09,0.0001718233382850265,-0.0015304985080246691,
2026-05-10,0.00020614033073451665,0.013273754349418132,
2026-05-11,0.0001895200972792388,0.007970882259728196,-0.0007087239198280137
2026-05-12,0.00022082347463281415,-0.012327919413466004,0.0018000247042782025
2026-05-13,0.00022684638745640306,-0.017423887630914736,-0.0030307601643221327
2026-05-14,-0.0003833165137818728,0.013375129043082579,-0.00045098241159280406
2026-05-15,-0.00043395381636990304,-0.021406425191485612,0.015385645565744177
2026-05-16,-0.0004666973725746537,-0.011389803263563314,
2026-05-17,-0.001020338149413047,-0.006131965183331367,
2026-05-18,-0.00034323017405657463,0.004512556927949607,-0.005010152846391724
2026-05-19,0.00029583962093848726,0.02192961835429519,0.009581280911629575
2026-05-20,0.0002974520857741414,0.0055159344413464595,-0.01628412101333565
2026-05-21,0.0002684769958154476,0.001170398176941756,-0.0020635229553472856
2026-05-22,0.00023431499331660888,-0.021995331499845006,0.0019280187766967938
2026-05-23,-0.0005126318849331124,-0.027588992977473414,
2026-05-24,0.00012576733643165916,-0.00766026131094244,
2026-05-25,3.509765549236654e-05,0.0026198341363183886,
2026-05-26,9.834858816093472e-05,-0.009351334138469558,0.011254370874449915
2026-05-27,8.689511854997889e-05,0.0038721126970773234,0.0025409844970829543
2026-05-28,-0.0003480296494616786,0.0023462811487640067,-0.00019027016673878183
2026-05-29,0.0002410660098610684,0.017220014042529375,0.001437406945360431
2026-05-30,0.00021856351057003565,-0.00411065881894801,
2026-05-31,0.00028150479277933016,0.0030320428206012107,
2026-06-01,0.0003000431289534866,-0.0032636007133144407,-0.013147937739297677
2026-06-02,0.00029897232147857444,-0.038314061671075095,0.0005266079335299878
2026-06-03,0.00018832125086198914,-0.027696616469131574,0.004446916090163455
2026-06-04,0.00018622520757438643,0.02042457650137064,-0.010706616439768002
2026-06-05,0.00010039261241878705,-0.007022130551132211,0.018616810999501965
2026-06-06,-0.0009136432099126068,0.04431978910212697,
2026-06-07,0.00014445308668031842,-0.022353904560646787,
2026-06-08,-0.002361231673568165,0.021538072347693005,-0.005659565435510161
2026-06-09,-0.0003545796610566754,0.020425556033943693,0.007861343469069304
2026-06-10,-0.00047545315132813126,0.006257396017776307,0.005751511408463417
2026-06-11,-0.0004163862135866392,0.0252992263426417,-0.007675230190603011
2026-06-12,-0.0014128565388226155,0.04697715172601025,0.0012349479268869423
2026-06-13,-0.0002209046373741197,0.00023938526684874617,
2026-06-14,0.0002828811678625698,-0.0337662763797415,
2026-06-15,0.00025422203638747476,-0.024560803702257328,0.007213477509563582
2026-06-16,0.00022319431442685556,0.008737500801185183,0.0007790408427919004
2026-06-17,0.00022719359768386127,0.01531117118086911,-0.0023345407806918406
2026-06-18,-0.0008682621148540237,0.007192574133154883,-0.0011328819795575207
2026-06-19,0.00027894070472989085,0.0025135335399579795,
2026-06-20,0.00025277806496282196,0.0036323729305054453,
2026-06-21,2.587123125930013e-05,-0.004522040200045319,
2026-06-22,-0.0008392882469510088,0.007194960958395891,0.001589035159615504
2026-06-23,-0.00044062414251988535,-0.034361667380045646,0.0015576568512936095
2026-06-24,-0.0004640216575347855,-0.02114372536380138,0.008877442967170746
2026-06-25,-0.0010171973017639724,-0.013633768916664901,-0.0064573578169548895
2026-06-26,0.0,0.06741869634472386,0.00371524443130955
2026-06-27,-0.0014767313515360314,-0.002134282199762083,
2026-06-28,2.205049881176535e-05,-0.0036199789933440973,
2026-06-29,7.005457055320186e-05,-0.0014243079052377317,-0.0019907720078676805
2026-06-30,-0.0003353172269675575,-0.02054740471304739,0.0008494794706557229
2026-07-01,0.00020236272829099455,0.00567790186552064,-0.0010058008589994838
2026-07-02,0.00029742362595830407,-0.019427520840171852,-0.002961547483349314
2026-07-03,0.0003032531016815554,-0.001427130440201707,
2026-07-04,0.0003000431289534866,-0.01070938316441239,
2026-07-05,0.0003000431289534866,-0.002565576631028632,
2026-07-06,0.0003000431289534866,0.0003367918719572316,-0.0012784673324964801
2026-07-07,0.0003000431289534866,0.01768263106490542,0.0011719649512114128
2026-07-08,0.0003000431289534866,-0.009098132618023058,-0.001083623333502648
2026-07-09,0.0003000431289534866,0.011861696915552278,-0.004992228237756358
2026-07-10,0.0003000431289534866,0.005407712593661573,-0.0010838486175676065
2026-07-11,0.00029950057299177324,-0.007523497420073966,
2026-07-12,0.0003000431289534866,0.002924420095828051,
2026-07-13,0.0003000431289534866,0.003663162309698542,0.010618081137383273
2026-07-14,0.000299371536000681,-0.05650317269088556,-0.004047118354583823
2026-07-15,0.0002976459898793582,0.004964236954793977,0.0010208706814132107
2026-07-16,0.0003000431289534866,-0.0017806137762472751,0.003447222088094115
2026-07-17,0.0003000431289534866,-0.010669163947432891,0.003634483438212932
2026-07-18,0.0003000431289534866,-0.014319015123085754,
2026-07-19,0.0003000431289534866,0.0007382294207931572,
2026-07-20,0.0002496644969727235,-0.002884477002403907,7.443047609201336e-05
2026-07-21,0.00021423898095096483,-0.0038759975349783593,-0.007027315736462425
2026-07-22,0.00025090877685229884,0.023822034480989407,0.0025651145702363376
2026-07-23,0.0002560948370913252,-0.002669761193121012,0.0005636834664011214
2026-07-24,0.0002651533388826621,-0.002790504924344628,-0.0018901557214660025
2026-07-25,0.00022332273958802773,-0.008565574331748538,
2026-07-26,0.00018343564956913028,-0.016840130063633385,
