date,ticker,fc_ret,fc_vol,fc_hammer
2025-05-06,AAPL,0.029580860508806556,0.12615011179133437,0.03333333333333333
2025-05-06,AMD,-0.052235821777905714,0.21856543734977682,0.06666666666666667
2025-05-06,AMZN,-0.016848482499183148,0.1100289023147426,0.03333333333333333
2025-05-06,AVGO,-0.0879931820807374,0.3112791842648948,0.06666666666666667
2025-05-06,BTC-USD,-0.002159619441984939,0.07769916440048177,0.03333333333333333
2025-05-06,DBC,0.0025104931688179253,0.03302872921357693,0.1
2025-05-06,EEM,-0.0011533545444247487,0.061899814014495375,0.16666666666666666
2025-05-06,EFA,-0.010741580364496106,0.07331533555616279,0.2
2025-05-06,ETH-USD,-0.02574648785674168,0.18499454575020877,0.03333333333333333
2025-05-06,GLD,-0.06303029183263363,0.07611040874874495,0.3333333333333333
2025-05-06,HYG,0.003506352152103557,0.015052496419121174,0.26666666666666666
2025-05-06,IEF,0.001764592750787112,0.028017156560627168,0.0
2025-05-06,IWM,-0.01773620252543967,0.07934372078578467,0.03333333333333333
2025-05-06,JPM,0.00950581226047899,0.1739413158914475,0.06666666666666667
2025-05-06,LQD,0.0019557922307994508,0.0616201370926832,0.13333333333333333
2025-05-06,META,-0.053133741207359704,0.28604450328783515,0.0
2025-05-06,MSFT,0.0016931459272364058,0.054328440289317916,0.16666666666666666
2025-05-06,MU,-0.0671709296879379,0.22344336953266267,0.03333333333333333
2025-05-06,NVDA,-0.06790121944846125,0.20123258259572993,0.03333333333333333
2025-05-06,QQQ,-0.02981309116447578,0.12107480239807998,0.1
2025-05-06,SLV,0.011479424081684524,0.07301041208743174,0.23333333333333334
2025-05-06,SPY,-0.022844326308024087,0.07299803775450542,0.1
2025-05-06,TLT,-0.017389524718325233,0.034427537267023876,0.06666666666666667
2025-05-06,TSLA,-0.08652329667271032,0.3289076821008714,0.0
2025-05-06,USO,0.03599451187483005,0.08736365047212423,0.1
2025-05-06,UUP,0.005875119446589768,0.020347137740630683,0.0
2025-05-06,VNQ,0.015065974286399563,0.07392986419844873,0.06666666666666667
2025-05-06,WMT,0.015038553176140779,0.057483359958518415,0.26666666666666666
2025-05-06,XOM,0.0058860094768054426,0.1513279124188492,0.13333333333333333
2025-05-07,AAPL,0.04475165392094947,0.1629419119804171,0.1
2025-05-07,AMD,-0.017913325639068223,0.36043630500147755,0.13333333333333333
2025-05-07,AMZN,-0.02360325133779548,0.13196940795394865,0.0
2025-05-07,AVGO,-0.029855013679485277,0.47796488966396,0.1
2025-05-07,BTC-USD,-0.0007069970323193749,0.11363073829760023,0.03333333333333333
2025-05-07,DBC,0.0130562317413169,0.0411067059407687,0.13333333333333333
2025-05-07,EEM,-0.0014582767012426777,0.07708108061736801,0.06666666666666667
2025-05-07,EFA,-0.009116112054969653,0.06785894025701547,0.26666666666666666
2025-05-07,ETH-USD,-0.047025251265406805,0.2406639127692661,0.0
2025-05-07,GLD,-0.03584812580660031,0.09003650412128943,0.2
2025-05-07,HYG,0.00337469926144132,0.017569060785526655,0.7333333333333333
2025-05-07,IEF,-0.0002640690532331032,0.029039741327792908,0.0
2025-05-07,IWM,-0.017757216781133258,0.09469866036634524,0.0
2025-05-07,JPM,-0.0031030147584268698,0.17324134496758525,0.23333333333333334
2025-05-07,LQD,0.0034702002290697863,0.051100547694402254,0.06666666666666667
2025-05-07,META,-0.02706888945501516,0.3364714544967472,0.2
2025-05-07,MSFT,0.0019118801392503993,0.08059384477809979,0.0
2025-05-07,MU,-0.050796708675071314,0.3742639390755409,0.03333333333333333
2025-05-07,NVDA,-0.06286195255649726,0.2880900836779469,0.1
2025-05-07,QQQ,-0.03166558524635686,0.1471135513019678,0.1
2025-05-07,SLV,-0.0012203538742946662,0.18582149603686918,0.16666666666666666
2025-05-07,SPY,-0.023708801526528114,0.12278299015847377,0.03333333333333333
2025-05-07,TLT,-0.018992195472445097,0.07530280523338034,0.13333333333333333
2025-05-07,TSLA,-0.06575896151406609,0.304559111578138,0.03333333333333333
2025-05-07,USO,0.04670765268975406,0.09696621911761134,0.13333333333333333
2025-05-07,UUP,0.0003861662179629873,0.010237936778007054,0.0
2025-05-07,VNQ,0.01502139925376885,0.049893535144035106,0.06666666666666667
2025-05-07,WMT,0.011679842814788873,0.1037894041918508,0.13333333333333333
2025-05-07,XOM,-0.0017344151912361493,0.11919954754439177,0.16666666666666666
2025-05-08,AAPL,0.0187428299177657,0.13417110615524847,0.03333333333333333
2025-05-08,AMD,-0.02047398721472477,0.3953293556396425,0.2
2025-05-08,AMZN,-0.03559527455241322,0.17596784381155137,0.0
2025-05-08,AVGO,-0.023222788504010067,0.48622787384665284,0.03333333333333333
2025-05-08,BTC-USD,-0.039458070596587125,0.15596358217671472,0.1
2025-05-08,DBC,-0.0009225457855301711,0.034934657383029345,0.06666666666666667
2025-05-08,EEM,-0.0020289815011825586,0.07609498446560037,0.1
2025-05-08,EFA,-0.012142945857497475,0.046205572418116035,0.06666666666666667
2025-05-08,ETH-USD,-0.028099746577849423,0.30610191706263573,0.06666666666666667
2025-05-08,GLD,-0.020250182092320584,0.07109643393323407,0.26666666666666666
2025-05-08,HYG,0.003673164021362167,0.012730035787133345,0.8333333333333334
2025-05-08,IEF,0.0045862007049400615,0.024003030129739353,0.03333333333333333
2025-05-08,IWM,-0.016077939587526402,0.1379396677927061,0.0
2025-05-08,JPM,0.01450379429986417,0.15245670610878662,0.03333333333333333
2025-05-08,LQD,-0.0033748993850996204,0.07529256210562286,0.13333333333333333
2025-05-08,META,-0.02171492772822044,0.3259327967680206,0.2
2025-05-08,MSFT,-0.007860369668394903,0.05491132845033923,0.0
2025-05-08,MU,-0.05149114192222434,0.4122814902197845,0.2
2025-05-08,NVDA,-0.025654537826314206,0.40537787295147576,0.16666666666666666
2025-05-08,QQQ,0.009261275536810654,0.19970494006678238,0.03333333333333333
2025-05-08,SLV,0.0005926441861085596,0.24555809656633687,0.03333333333333333
2025-05-08,SPY,0.014051529892610715,0.1478093768132026,0.06666666666666667
2025-05-08,TLT,-0.014144809857238453,0.05792609241939917,0.03333333333333333
2025-05-08,TSLA,-0.08893881576827928,0.3289306344489117,0.03333333333333333
2025-05-08,USO,0.005939646603180645,0.08424670007095292,0.0
2025-05-08,UUP,-0.007563833153185473,0.022958615879579918,0.06666666666666667
2025-05-08,VNQ,0.01668344856582828,0.059447075645938825,0.03333333333333333
2025-05-08,WMT,0.016817715132987812,0.07313486752727168,0.0
2025-05-08,XOM,-0.008983169255483803,0.13945871592907205,0.13333333333333333
2025-05-09,AAPL,-0.00013862106921264846,0.15308164367626928,0.03333333333333333
2025-05-09,AMD,0.009087066202433864,0.3260409867171428,0.16666666666666666
2025-05-09,AMZN,-0.04244028132783449,0.15553799925030143,0.03333333333333333
2025-05-09,AVGO,-0.028845172731337576,0.3870741448831112,0.1
2025-05-09,BTC-USD,-0.0482570322856587,0.15363753923736465,0.0
2025-05-09,DBC,-0.003908582790544631,0.05024994707883057,0.06666666666666667
2025-05-09,EEM,-0.003981735779506727,0.052640864888624565,0.06666666666666667
2025-05-09,EFA,-0.010330749411910433,0.047376873526078334,0.1
2025-05-09,ETH-USD,-0.0006672150055267519,0.2560611563558283,0.3333333333333333
2025-05-09,GLD,-0.01905722854888769,0.08087637511177737,0.26666666666666666
2025-05-09,HYG,0.002748453412110004,0.011762383967419758,0.7333333333333333
2025-05-09,IEF,0.002955267530763598,0.025361143935663327,0.0
2025-05-09,IWM,-0.02795628319549711,0.115613179851715,0.1
2025-05-09,JPM,0.008995938767514429,0.17331256385994476,0.03333333333333333
2025-05-09,LQD,0.0006055473058650692,0.06403767097462665,0.06666666666666667
2025-05-09,META,-0.04690699017108038,0.34515601984548694,0.1
2025-05-09,MSFT,-0.007982559730625652,0.050630845900808914,0.0
2025-05-09,MU,-0.06671315415738922,0.37615903402457523,0.06666666666666667
2025-05-09,NVDA,-0.046487333022795875,0.36583199794576216,0.03333333333333333
2025-05-09,QQQ,0.009524185196190083,0.229796628557375,0.2
2025-05-09,SLV,0.01878663565582265,0.09947668459723288,0.26666666666666666
2025-05-09,SPY,-0.01973319993951801,0.15793468715236744,0.06666666666666667
2025-05-09,TLT,-0.008880733977704473,0.05910343367573042,0.13333333333333333
2025-05-09,TSLA,-0.05458749838677506,0.4062666943975058,0.13333333333333333
2025-05-09,USO,-0.006002099562929583,0.07546202595525814,0.0
2025-05-09,UUP,-0.004579381758443997,0.026945328962114035,0.03333333333333333
2025-05-09,VNQ,0.009544070221973615,0.06818297975697658,0.03333333333333333
2025-05-09,WMT,0.008389468559832114,0.11003953772633596,0.0
2025-05-09,XOM,-0.011079978637351254,0.14542686597277416,0.16666666666666666
2025-05-10,BTC-USD,-0.07043885602681763,0.17966593658833757,0.03333333333333333
2025-05-10,ETH-USD,-0.026045910401439724,0.2263621356632317,0.13333333333333333
2025-05-11,BTC-USD,-0.06666678673618091,0.16334750358147118,0.13333333333333333
2025-05-11,ETH-USD,-0.01576245610342698,0.2939142366892127,0.1
2025-05-12,AAPL,-0.016956583618858247,0.19958539490048513,0.13333333333333333
2025-05-12,AMD,0.011954180825066467,0.3189028595816362,0.03333333333333333
2025-05-12,AMZN,-0.002786303842344573,0.27242448078398435,0.1
2025-05-12,AVGO,0.029544504388242986,0.1844994645973398,0.03333333333333333
2025-05-12,BTC-USD,-0.0420882744843019,0.09257665316924932,0.13333333333333333
2025-05-12,DBC,-0.006404068857706095,0.04414559617939814,0.13333333333333333
2025-05-12,EEM,-0.027147246431691356,0.04846940495094607,0.26666666666666666
2025-05-12,EFA,-0.0177028251339835,0.05887744352061406,0.36666666666666664
2025-05-12,ETH-USD,-0.0067203214527703945,0.2531234117759804,0.06666666666666667
2025-05-12,GLD,0.007156492605567385,0.0960285225058655,0.43333333333333335
2025-05-12,HYG,-0.005277595514335998,0.01711418995694417,0.1
2025-05-12,IEF,0.007414537607027494,0.05200011836808344,0.0
2025-05-12,IWM,0.006962613443210922,0.20302462316751477,0.03333333333333333
2025-05-12,JPM,0.022191194641891916,0.12307108186477428,0.03333333333333333
2025-05-12,LQD,-0.0013757021177856006,0.08120575504953192,0.06666666666666667
2025-05-12,META,0.004965887074082009,0.263242870760928,0.1
2025-05-12,MSFT,-0.014401874851988043,0.07346501692856684,0.03333333333333333
2025-05-12,MU,0.07015958398879665,0.3312173046171321,0.0
2025-05-12,NVDA,0.0030899883090118856,0.4276123142155602,0.2
2025-05-12,QQQ,0.021469573084164396,0.09761484104341712,0.2
2025-05-12,SLV,0.00808302144459445,0.1588315371195874,0.16666666666666666
2025-05-12,SPY,0.01581720729542086,0.11189267820612411,0.03333333333333333
2025-05-12,TLT,-0.005882198174026106,0.035938190115084534,0.1
2025-05-12,TSLA,-0.03304939212144611,0.42274103961071136,0.16666666666666666
2025-05-12,USO,-0.009122126407106978,0.10193567961986182,0.06666666666666667
2025-05-12,UUP,-0.015050218079033513,0.030162017787493747,0.06666666666666667
2025-05-12,VNQ,0.013461953323509756,0.054284652420390045,0.06666666666666667
2025-05-12,WMT,0.020474588150982097,0.12456828806266475,0.03333333333333333
2025-05-12,XOM,-0.012650790493355706,0.1651848586017596,0.2
2025-05-13,AAPL,-0.02318876250008574,0.2516926547929454,0.0
2025-05-13,AMD,-0.004277388487492765,0.2084702139477151,0.0
2025-05-13,AMZN,0.026422048138567765,0.20358626501324462,0.16666666666666666
2025-05-13,AVGO,0.010089929612233569,0.20593514698555443,0.06666666666666667
2025-05-13,BTC-USD,-0.0628904332089171,0.11302755528143733,0.1
2025-05-13,DBC,-0.013156583050683186,0.09039679316920678,0.1
2025-05-13,EEM,-0.025255884558023245,0.047725487932700206,0.06666666666666667
2025-05-13,EFA,-0.019648877155063634,0.05317772917527081,0.2
2025-05-13,ETH-USD,-0.0386430591672602,0.16923854759685247,0.03333333333333333
2025-05-13,GLD,-0.008125160187736217,0.07729983251013231,0.4666666666666667
2025-05-13,HYG,-0.006999506409314445,0.0147134783639017,0.1
2025-05-13,IEF,0.006140373589749008,0.023259146757008554,0.1
2025-05-13,IWM,0.003813909307491307,0.1630864304910018,0.0
2025-05-13,JPM,0.025477305813648935,0.13372377076190636,0.0
2025-05-13,LQD,-0.003748051346319588,0.07336834660635999,0.2
2025-05-13,META,0.018436040972329027,0.1186087758900142,0.03333333333333333
2025-05-13,MSFT,-0.01607536753080827,0.10242690392965968,0.03333333333333333
2025-05-13,MU,0.03400330263147062,0.29432482473596333,0.0
2025-05-13,NVDA,0.027167539124988906,0.24599508572797205,0.0
2025-05-13,QQQ,0.009604574706914023,0.09371046334426847,0.2
2025-05-13,SLV,0.012468405223743314,0.16135078607514572,0.23333333333333334
2025-05-13,SPY,0.012916883231210489,0.07901463379365796,0.23333333333333334
2025-05-13,TLT,-0.0031407946336834895,0.020981898706501533,0.13333333333333333
2025-05-13,TSLA,0.0032895896757465146,0.3082502394503523,0.03333333333333333
2025-05-13,USO,-0.023801917855276477,0.1855853163343226,0.3
2025-05-13,UUP,-0.009541240762747927,0.03349018539510603,0.0
2025-05-13,VNQ,0.013899083030826202,0.0894746179518951,0.13333333333333333
2025-05-13,WMT,-0.0043763576539440335,0.1251191122776019,0.0
2025-05-13,XOM,-0.002454531980222748,0.1565738363098419,0.13333333333333333
2025-05-14,AAPL,-0.0071765546881042384,0.26448255331918075,0.03333333333333333
2025-05-14,AMD,-0.007118530061360917,0.17566949178027264,0.06666666666666667
2025-05-14,AMZN,-0.0014334770502006599,0.2524034441509469,0.06666666666666667
2025-05-14,AVGO,0.0034041866383735814,0.2217510730717622,0.06666666666666667
2025-05-14,BTC-USD,-0.05224156913876521,0.13889783638932318,0.0
2025-05-14,DBC,-0.008858803388177027,0.07958228197417287,0.03333333333333333
2025-05-14,EEM,-0.03223201593761044,0.06356725276161324,0.03333333333333333
2025-05-14,EFA,-0.010642664336133319,0.07613487362196454,0.4666666666666667
2025-05-14,ETH-USD,-0.03884423946690459,0.177390181213352,0.06666666666666667
2025-05-14,GLD,0.0020389293780820367,0.10877307776638208,0.2
2025-05-14,HYG,-0.0035270096982573476,0.015493347144856583,0.1
2025-05-14,IEF,-0.0010616161943447129,0.083154948978064,0.13333333333333333
2025-05-14,IWM,-0.00808409245327083,0.2537564670325836,0.03333333333333333
2025-05-14,JPM,0.0008438307032801536,0.10886325278732777,0.13333333333333333
2025-05-14,LQD,-0.00937751830752768,0.05873590823899526,0.23333333333333334
2025-05-14,META,0.0005730965725891046,0.1690435108055223,0.03333333333333333
2025-05-14,MSFT,-0.027199535317369957,0.1003374073886817,0.06666666666666667
2025-05-14,MU,0.02579434939173514,0.2889181231433084,0.03333333333333333
2025-05-14,NVDA,-0.010540605433828265,0.21470881495270522,0.16666666666666666
2025-05-14,QQQ,0.004259145511044075,0.10238685855771971,0.4
2025-05-14,SLV,-0.02305891031553262,0.19714581498429032,0.23333333333333334
2025-05-14,SPY,0.01083747616441328,0.1096735408981744,0.3333333333333333
2025-05-14,TLT,0.00436836161619264,0.05562610238957149,0.03333333333333333
2025-05-14,TSLA,-0.020954327381785192,0.28954084023252613,0.03333333333333333
2025-05-14,USO,-0.028395739957063897,0.11996510537307868,0.03333333333333333
2025-05-14,UUP,-0.008922828318973394,0.03167254916417894,0.1
2025-05-14,VNQ,-1.3866274597969704e-05,0.1025032330625815,0.3
2025-05-14,WMT,-0.003700169631914737,0.16351015419507778,0.1
2025-05-14,XOM,-0.0133071235918288,0.15656651716603875,0.16666666666666666
2025-05-15,AAPL,-0.01388569067150586,0.20999122865773068,0.13333333333333333
2025-05-15,AMD,0.006955782176392026,0.21113962833529348,0.0
2025-05-15,AMZN,-0.014403656417513145,0.21035690868257179,0.3333333333333333
2025-05-15,AVGO,0.010606318986994398,0.20134961558849573,0.0
2025-05-15,BTC-USD,-0.061634350991323784,0.10324581830910697,0.2
2025-05-15,DBC,-0.007835652529524931,0.0504251731846013,0.1
2025-05-15,EEM,-0.02733956372021288,0.061143746352079656,0.06666666666666667
2025-05-15,EFA,-0.016335628706518,0.057434220796276345,0.3333333333333333
2025-05-15,ETH-USD,-0.006062287379466961,0.2620869277493065,0.0
2025-05-15,GLD,-0.005966283595097248,0.11909617620311409,0.3333333333333333
2025-05-15,HYG,-0.003411909865346496,0.014475196287222592,0.2
2025-05-15,IEF,-0.0019195693796403809,0.051105310498641164,0.26666666666666666
2025-05-15,IWM,-0.00896685402564295,0.18807156834270933,0.16666666666666666
2025-05-15,JPM,0.007535224678538303,0.13681169373387536,0.03333333333333333
2025-05-15,LQD,-0.003405785636156385,0.059109488006538036,0.2
2025-05-15,META,0.02347933393757793,0.17622562397436173,0.0
2025-05-15,MSFT,-0.02715194676877858,0.09671247433453625,0.0
2025-05-15,MU,0.015816311975580158,0.28068212399417397,0.0
2025-05-15,NVDA,0.010470412090622843,0.20812349571968616,0.03333333333333333
2025-05-15,QQQ,0.01073570343179595,0.09676090854646373,0.5333333333333333
2025-05-15,SLV,-0.02718586056699894,0.2146684204047705,0.23333333333333334
2025-05-15,SPY,0.009486250888419919,0.08862491798903106,0.4
2025-05-15,TLT,-0.003726221876284674,0.05326443131086179,0.13333333333333333
2025-05-15,TSLA,0.008153305263785089,0.31564017124705895,0.0
2025-05-15,USO,-0.016276234440391387,0.10574355894851677,0.1
2025-05-15,UUP,-0.008376804963710212,0.04678897334031026,0.1
2025-05-15,VNQ,0.002412993143534444,0.07370089198767589,0.2
2025-05-15,WMT,-0.005748466660002175,0.12669573077275148,0.06666666666666667
2025-05-15,XOM,-0.022625999206167195,0.12067474505264789,0.43333333333333335
2025-05-16,AAPL,-0.010235407762844536,0.1764154490022221,0.03333333333333333
2025-05-16,AMD,3.4777329374591216e-05,0.22808002525201998,0.0
2025-05-16,AMZN,0.015532983422973186,0.2766314248763161,0.2
2025-05-16,AVGO,-0.0011779777125606073,0.1673929514335199,0.03333333333333333
2025-05-16,BTC-USD,-0.05742615473466242,0.11692098137075353,0.2
2025-05-16,DBC,-0.001495401129954003,0.0375959409865373,0.03333333333333333
2025-05-16,EEM,-0.022660150739462433,0.06511322942911346,0.16666666666666666
2025-05-16,EFA,-0.012184395482089128,0.06844955613658747,0.23333333333333334
2025-05-16,ETH-USD,-0.009474878493487692,0.17692239142855215,0.03333333333333333
2025-05-16,GLD,-0.0007120007876931715,0.11056006007690686,0.2
2025-05-16,HYG,-0.004411616164472402,0.01754239149313272,0.2
2025-05-16,IEF,0.00523501376067359,0.039270273916208916,0.06666666666666667
2025-05-16,IWM,0.02408769260600403,0.10478103669470906,0.0
2025-05-16,JPM,0.005479786190580146,0.1143009927384156,0.06666666666666667
2025-05-16,LQD,0.0011875617303317803,0.036172410343326925,0.06666666666666667
2025-05-16,META,0.008335079111254381,0.1894863435696365,0.03333333333333333
2025-05-16,MSFT,-0.035196823054927204,0.08318457798585643,0.2
2025-05-16,MU,0.012798005600766493,0.1811690428157176,0.0
2025-05-16,NVDA,-0.0015279872438013061,0.1739485530417765,0.03333333333333333
2025-05-16,QQQ,0.00802533873421235,0.06959609560179318,0.36666666666666664
2025-05-16,SLV,-0.013215943074126173,0.15118429792909832,0.2
2025-05-16,SPY,0.010151672643387769,0.056703122073708465,0.5
2025-05-16,TLT,-0.005600076262676871,0.05113546049954584,0.1
2025-05-16,TSLA,0.003390045498494602,0.30804848473249224,0.0
2025-05-16,USO,-0.01815845606743952,0.08865126680398044,0.06666666666666667
2025-05-16,UUP,-0.009379651837692045,0.032042588001906146,0.06666666666666667
2025-05-16,VNQ,0.004322212795609304,0.04322431084245018,0.0
2025-05-16,WMT,-0.0009525821720143231,0.10324446388633149,0.03333333333333333
2025-05-16,XOM,-0.008014999375058373,0.16021295635743538,0.16666666666666666
2025-05-17,BTC-USD,-0.04676515506716819,0.09164124599470239,0.3
2025-05-17,ETH-USD,2.91466031075438e-05,0.1946714538775205,0.0
2025-05-18,BTC-USD,-0.0767027894888124,0.11554556998978154,0.16666666666666666
2025-05-18,ETH-USD,-0.007932577363009907,0.19307011958942438,0.0
2025-05-19,AAPL,-0.028793910915378064,0.1260374205223935,0.03333333333333333
2025-05-19,AMD,-0.0035136773555988804,0.19994969145817007,0.0
2025-05-19,AMZN,-0.002668639986681372,0.23780843719926686,0.16666666666666666
2025-05-19,AVGO,0.005512244962399052,0.22267168340918136,0.0
2025-05-19,BTC-USD,-0.0566253779981951,0.15223733718305746,0.43333333333333335
2025-05-19,DBC,0.0007103826053068547,0.05742802905851346,0.0
2025-05-19,EEM,-0.021370961901159787,0.07596333293324163,0.4
2025-05-19,EFA,-0.017649235242573794,0.07618806736838535,0.6333333333333333
2025-05-19,ETH-USD,-0.01872289697272392,0.2381888047082315,0.1
2025-05-19,GLD,-0.008097130062895034,0.12021584934175514,0.3
2025-05-19,HYG,-0.0033688463117220514,0.013016135931680124,0.03333333333333333
2025-05-19,IEF,0.0075878729800842645,0.023663076899686407,0.13333333333333333
2025-05-19,IWM,-0.002388135626323891,0.18382457112778547,0.13333333333333333
2025-05-19,JPM,0.009704873532060124,0.14983277733301323,0.06666666666666667
2025-05-19,LQD,0.004715561881328334,0.03265549336947491,0.03333333333333333
2025-05-19,META,0.0016803620424925816,0.27930642985782034,0.03333333333333333
2025-05-19,MSFT,-0.03642449940001743,0.12772390261479713,0.2
2025-05-19,MU,0.0006787443520243889,0.20838078882872968,0.0
2025-05-19,NVDA,-0.001435248777945127,0.178514415718084,0.3333333333333333
2025-05-19,QQQ,0.002905145794511891,0.08300429085168122,0.4666666666666667
2025-05-19,SLV,9.292543734221726e-05,0.15414480954079493,0.13333333333333333
2025-05-19,SPY,0.0045499661977638295,0.08546326907457058,0.6
2025-05-19,TLT,0.00035129579902002755,0.053448706419071,0.03333333333333333
2025-05-19,TSLA,-0.012082248512176224,0.36142916906079126,0.06666666666666667
2025-05-19,USO,-0.02547034660865759,0.11827812568927536,0.1
2025-05-19,UUP,-0.00867386673936407,0.031746215267146966,0.0
2025-05-19,VNQ,0.006815586589646057,0.061305918413548974,0.03333333333333333
2025-05-19,WMT,-0.007773030739014372,0.12108721505135507,0.03333333333333333
2025-05-19,XOM,-0.024479319864970317,0.1099830423625741,0.06666666666666667
2025-05-20,AAPL,-0.017097468063016544,0.09712548654416243,0.0
2025-05-20,AMD,0.01566477346649298,0.1463718968899838,0.0
2025-05-20,AMZN,-0.01374368684791678,0.3113337824642531,0.2
2025-05-20,AVGO,-0.005805315960816726,0.14373246536954426,0.03333333333333333
2025-05-20,BTC-USD,-0.05726022164039764,0.14827135088896917,0.6666666666666666
2025-05-20,DBC,-0.008346119686150328,0.07636022959379123,0.1
2025-05-20,EEM,-0.019718931684418513,0.049854539280784,0.16666666666666666
2025-05-20,EFA,-0.022787021806457395,0.06234378343923743,0.3333333333333333
2025-05-20,ETH-USD,-0.011404057621360963,0.19579662557176775,0.06666666666666667
2025-05-20,GLD,-0.014575325836330755,0.11102050708741912,0.43333333333333335
2025-05-20,HYG,-0.003570867366607196,0.015908973835335065,0.0
2025-05-20,IEF,0.009245412560883204,0.023523691622998662,0.03333333333333333
2025-05-20,IWM,0.01496041092718648,0.11953299238010695,0.0
2025-05-20,JPM,0.005960573419364438,0.10111689448323538,0.03333333333333333
2025-05-20,LQD,0.0033774954481392895,0.03883294328212159,0.13333333333333333
2025-05-20,META,0.013704030890415686,0.17296623429216237,0.0
2025-05-20,MSFT,-0.03745301964472514,0.09181044617086621,0.4
2025-05-20,MU,0.010041415454613819,0.1650106258202577,0.0
2025-05-20,NVDA,0.0038436837433630986,0.15134107752157175,0.23333333333333334
2025-05-20,QQQ,0.009490787863496419,0.07625390679850982,0.4
2025-05-20,SLV,0.0038631417917611268,0.12221566649454021,0.26666666666666666
2025-05-20,SPY,0.005326924669031914,0.057840063217346506,0.13333333333333333
2025-05-20,TLT,0.00694544814850702,0.04669802066891384,0.06666666666666667
2025-05-20,TSLA,0.033005085789524054,0.23099624183631995,0.03333333333333333
2025-05-20,USO,-0.02859552328872741,0.0820808964164605,0.0
2025-05-20,UUP,-0.006613147266366286,0.0281594340161649,0.0
2025-05-20,VNQ,0.011641015434827333,0.050605006391014236,0.0
2025-05-20,WMT,0.00023485181906128435,0.12122886450303343,0.1
2025-05-20,XOM,-0.012277308939577862,0.11774608716569501,0.06666666666666667
2025-05-21,AAPL,-0.0017819861047888167,0.11130485170974047,0.1
2025-05-21,AMD,0.0068987288971823196,0.23465035725045516,0.0
2025-05-21,AMZN,-0.033162529272820145,0.2091702590034623,0.2
2025-05-21,AVGO,0.006408390292485618,0.2011601441678036,0.0
2025-05-21,BTC-USD,-0.08816190811451942,0.19897426957456377,0.3
2025-05-21,DBC,-0.002049998682567507,0.06859978391106057,0.13333333333333333
2025-05-21,EEM,-0.010238343921877868,0.07709560350700712,0.16666666666666666
2025-05-21,EFA,-0.012041937384704434,0.06846426101318176,0.3
2025-05-21,ETH-USD,-0.035121601905823384,0.22942487149826807,0.13333333333333333
2025-05-21,GLD,-0.018805864154104023,0.09161529988541768,0.43333333333333335
2025-05-21,HYG,0.00028016249092888135,0.01939354213293402,0.36666666666666664
2025-05-21,IEF,0.001189071828726825,0.08728014576616631,0.06666666666666667
2025-05-21,IWM,-0.016745103540731283,0.1594665381570885,0.1
2025-05-21,JPM,0.018130558840157317,0.113603304017031,0.0
2025-05-21,LQD,0.002549125989274037,0.052567602592709095,0.2
2025-05-21,META,0.004817850733251831,0.205141510372076,0.03333333333333333
2025-05-21,MSFT,-0.02612547501923391,0.10254082585406794,0.23333333333333334
2025-05-21,MU,0.01762850103303939,0.16233955116621282,0.0
2025-05-21,NVDA,0.016628073989888414,0.17675673508533662,0.06666666666666667
2025-05-21,QQQ,0.014418834621722991,0.07945597662820218,0.4
2025-05-21,SLV,4.5277909737625097e-05,0.0802362885639283,0.3333333333333333
2025-05-21,SPY,0.011033791840349187,0.09181043451004894,0.3333333333333333
2025-05-21,TLT,0.017433265699373417,0.0343396139094558,0.3
2025-05-21,TSLA,0.04355439349649017,0.34263822073947037,0.03333333333333333
2025-05-21,USO,-0.009270653622835709,0.12004778583827695,0.06666666666666667
2025-05-21,UUP,-0.0038880929091986223,0.04041529956431115,0.0
2025-05-21,VNQ,0.00671062122546879,0.10258799240439974,0.06666666666666667
2025-05-21,WMT,0.0071392725529656,0.0987179570049991,0.06666666666666667
2025-05-21,XOM,-0.001966573057821508,0.08518517956940869,0.06666666666666667
2025-05-22,AAPL,-0.004883381999981799,0.0875800556811898,0.03333333333333333
2025-05-22,AMD,0.011162548785180915,0.25396925681745985,0.1
2025-05-22,AMZN,-0.03913790373745408,0.3069185181375857,0.23333333333333334
2025-05-22,AVGO,0.008939434484108156,0.18122330128242806,0.0
2025-05-22,BTC-USD,-0.09913451255452685,0.17936250823701286,0.26666666666666666
2025-05-22,DBC,-0.007872115272659349,0.050930165762674014,0.03333333333333333
2025-05-22,EEM,-0.014816525811312539,0.06099882572429065,0.1
2025-05-22,EFA,-0.011325461271817177,0.06915781573132486,0.3333333333333333
2025-05-22,ETH-USD,-0.06412759493714193,0.25109000193718395,0.06666666666666667
2025-05-22,GLD,-0.01387669411782236,0.10433108751980733,0.5333333333333333
2025-05-22,HYG,-0.0019893274717432147,0.02501940339748765,0.16666666666666666
2025-05-22,IEF,0.008754253289846092,0.0583543153073928,0.03333333333333333
2025-05-22,IWM,-0.022987199144673773,0.15771471004015053,0.06666666666666667
2025-05-22,JPM,0.007107680259859853,0.13794955033993067,0.03333333333333333
2025-05-22,LQD,-0.0018278614741880491,0.04890083941353513,0.13333333333333333
2025-05-22,META,0.014927135011035864,0.23171591238224493,0.0
2025-05-22,MSFT,-0.024975842663030438,0.10554276151982209,0.06666666666666667
2025-05-22,MU,0.013694694671361108,0.27452079764094306,0.13333333333333333
2025-05-22,NVDA,0.007973522267718792,0.11325886420753194,0.06666666666666667
2025-05-22,QQQ,0.007112027462182354,0.09254308553462037,0.3
2025-05-22,SLV,0.0037602015044235697,0.1460560393640521,0.3
2025-05-22,SPY,0.009748516864024215,0.1021951286135582,0.03333333333333333
2025-05-22,TLT,0.01328401796921242,0.02875728362059231,0.06666666666666667
2025-05-22,TSLA,0.030834007221407556,0.3719198858228672,0.03333333333333333
2025-05-22,USO,-0.016802701855667852,0.08236175255852869,0.03333333333333333
2025-05-22,UUP,-0.004179459467812796,0.028353582667983112,0.0
2025-05-22,VNQ,-0.0005022399811172399,0.08104385489202282,0.06666666666666667
2025-05-22,WMT,-0.0027320701854335254,0.13883318492676794,0.06666666666666667
2025-05-22,XOM,0.0009200208957112043,0.05410111781773348,0.03333333333333333
2025-05-23,AAPL,0.004804942413871065,0.10536412573597642,0.0
2025-05-23,AMD,0.018762750239443068,0.2639078020295129,0.0
2025-05-23,AMZN,-0.06621618355773345,0.24998785069694174,0.03333333333333333
2025-05-23,AVGO,0.018524048593839146,0.197811199027366,0.0
2025-05-23,BTC-USD,-0.053484878119633164,0.16112976690956082,0.4
2025-05-23,DBC,-0.009730775650754793,0.06310942456000543,0.03333333333333333
2025-05-23,EEM,-0.01685047961940334,0.06434492055715887,0.13333333333333333
2025-05-23,EFA,-0.013956143739617798,0.07123325374139176,0.4666666666666667
2025-05-23,ETH-USD,-0.027822135010954128,0.20318625999366327,0.26666666666666666
2025-05-23,GLD,-0.02069554199350113,0.09283850664326418,0.6
2025-05-23,HYG,-0.0016664882381102494,0.021134683641819762,0.2
2025-05-23,IEF,0.007497919257667399,0.03625717159726014,0.1
2025-05-23,IWM,-0.031727292492508816,0.13599630910334665,0.0
2025-05-23,JPM,0.008591285506388801,0.12684996752506789,0.03333333333333333
2025-05-23,LQD,0.0016235264520627327,0.03700432967354885,0.13333333333333333
2025-05-23,META,0.019448692423754965,0.2703549613920761,0.1
2025-05-23,MSFT,-0.015882298503986297,0.08665097440844634,0.03333333333333333
2025-05-23,MU,-0.03366896336435683,0.46754809011956816,0.1
2025-05-23,NVDA,0.012154127357667077,0.194011416837825,0.06666666666666667
2025-05-23,QQQ,0.014116797528036814,0.09087785513247378,0.13333333333333333
2025-05-23,SLV,-0.0003961083824995049,0.09574735636406657,0.16666666666666666
2025-05-23,SPY,0.0027355317410924745,0.13306532103090285,0.16666666666666666
2025-05-23,TLT,0.010906759084971114,0.039147103697234814,0.1
2025-05-23,TSLA,0.03522827884328897,0.29980457237016367,0.0
2025-05-23,USO,-0.019269875486048024,0.1060621641986292,0.1
2025-05-23,UUP,-0.001930678018364947,0.04053085853287827,0.0
2025-05-23,VNQ,0.0014022275310308862,0.0843802924303465,0.1
2025-05-23,WMT,0.010246673740710532,0.11749829914588567,0.03333333333333333
2025-05-23,XOM,-0.004997147717370321,0.0831017754439161,0.03333333333333333
2025-05-24,BTC-USD,-0.056523291422620775,0.16504316858782406,0.16666666666666666
2025-05-24,ETH-USD,-0.04646874522958006,0.24589572547856164,0.03333333333333333
2025-05-25,BTC-USD,-0.0808092293237168,0.10522244337981942,0.43333333333333335
2025-05-25,ETH-USD,-0.05650926973481217,0.20246982997072158,0.26666666666666666
2025-05-26,BTC-USD,-0.06546205802099084,0.13870647512603615,0.4
2025-05-26,ETH-USD,-0.06575372460183533,0.1949902348532959,0.0
2025-05-27,AAPL,-0.00880344808888091,0.10402534737636397,0.0
2025-05-27,AMD,0.008109741543599166,0.17234722428983917,0.0
2025-05-27,AMZN,0.01391799977390545,0.2825137290423543,0.03333333333333333
2025-05-27,AVGO,0.007316427185608565,0.14937949108732168,0.0
2025-05-27,BTC-USD,-0.045489923028038795,0.21003711286961188,0.43333333333333335
2025-05-27,DBC,-0.001611396890834708,0.048506910854646965,0.0
2025-05-27,EEM,-0.008713737110549125,0.05032203665141489,0.06666666666666667
2025-05-27,EFA,-0.018216217250938728,0.06403603079907481,0.36666666666666664
2025-05-27,ETH-USD,-0.08786574677355644,0.21354252974868115,0.0
2025-05-27,GLD,-0.012172307691485355,0.11820864921013553,0.6666666666666666
2025-05-27,HYG,-0.006186026448190296,0.01623430799221647,0.3
2025-05-27,IEF,0.00558684501957742,0.03671992264179571,0.0
2025-05-27,IWM,0.011129400325250938,0.1583713282524155,0.06666666666666667
2025-05-27,JPM,0.024118649700912913,0.0905072503284897,0.03333333333333333
2025-05-27,LQD,0.0012480471231153811,0.03915069575660359,0.03333333333333333
2025-05-27,META,0.030428008104825408,0.251645269698703,0.03333333333333333
2025-05-27,MSFT,-0.027754214568571363,0.09094366020196462,0.06666666666666667
2025-05-27,MU,0.029212404844260915,0.21507759962885542,0.0
2025-05-27,NVDA,0.011618833895297906,0.16836927217352352,0.0
2025-05-27,QQQ,0.00817589315117881,0.08440439439300348,0.23333333333333334
2025-05-27,SLV,0.002215611874884826,0.09725521065747597,0.13333333333333333
2025-05-27,SPY,0.017503391869808035,0.09200899353605367,0.4
2025-05-27,TLT,0.0021457714293803055,0.047055822945706254,0.1
2025-05-27,TSLA,0.03385660632502409,0.3162343015066295,0.0
2025-05-27,USO,-0.01764467235862449,0.09071638660701525,0.03333333333333333
2025-05-27,UUP,-0.001112478187580579,0.027215041100550886,0.0
2025-05-27,VNQ,0.00938632189828286,0.06698698020332737,0.16666666666666666
2025-05-27,WMT,0.013606415284566535,0.09935461745797215,0.16666666666666666
2025-05-27,XOM,0.0007859434702019737,0.08423619742101748,0.03333333333333333
2025-05-28,AAPL,-0.009158950887995157,0.1052188882649638,0.03333333333333333
2025-05-28,AMD,0.03174268637879751,0.1778493597221709,0.03333333333333333
2025-05-28,AMZN,-0.004268672053553849,0.32152934882978096,0.06666666666666667
2025-05-28,AVGO,-0.005142028994086941,0.20651698846019154,0.0
2025-05-28,BTC-USD,-0.0150448469848387,0.12082766362652421,0.3333333333333333
2025-05-28,DBC,-0.0015364794552688724,0.041523433969024845,0.0
2025-05-28,EEM,-0.004301563574801755,0.06645271690529236,0.06666666666666667
2025-05-28,EFA,-0.007682036443186376,0.07174735636324714,0.23333333333333334
2025-05-28,ETH-USD,-0.05696660326674641,0.2701072375480608,0.1
2025-05-28,GLD,0.005489223135889013,0.10731429757971178,0.43333333333333335
2025-05-28,HYG,-0.003598483874275271,0.008958265217700611,0.26666666666666666
2025-05-28,IEF,0.0027213756078474723,0.07581149829655796,0.1
2025-05-28,IWM,0.0036003448506644682,0.18973950074859586,0.06666666666666667
2025-05-28,JPM,0.02433194336151468,0.12191279849671445,0.0
2025-05-28,LQD,0.0009013758643675004,0.049985018589736585,0.06666666666666667
2025-05-28,META,0.020067702747036207,0.4024681949021818,0.03333333333333333
2025-05-28,MSFT,-0.015789498345654296,0.1023791230176716,0.0
2025-05-28,MU,0.029454958518589692,0.2293937978808652,0.0
2025-05-28,NVDA,0.011656067305152196,0.20659407018243262,0.1
2025-05-28,QQQ,0.016334513704620197,0.10095327398452925,0.36666666666666664
2025-05-28,SLV,0.015737437530302004,0.10366405717703576,0.26666666666666666
2025-05-28,SPY,0.027558821197103667,0.09879043746544619,0.16666666666666666
2025-05-28,TLT,0.006926648414768433,0.04345163814445171,0.0
2025-05-28,TSLA,0.05170272669021483,0.30344278336732916,0.0
2025-05-28,USO,-0.008833087336208866,0.15305856599591464,0.06666666666666667
2025-05-28,UUP,-0.006964108910272175,0.026466447859724556,0.0
2025-05-28,VNQ,0.0042465824180645635,0.08316234909651717,0.06666666666666667
2025-05-28,WMT,0.00836349806031436,0.1488114252343961,0.0
2025-05-28,XOM,0.0002833186986357668,0.04984662328212435,0.13333333333333333
2025-05-29,AAPL,-0.0021997564333374148,0.1071027140599874,0.0
2025-05-29,AMD,0.025873862565688768,0.1984171004330039,0.0
2025-05-29,AMZN,0.022784010737281892,0.29106219117189336,0.13333333333333333
2025-05-29,AVGO,-0.0004528623948158598,0.2032593956693054,0.0
2025-05-29,BTC-USD,0.0021238568289276543,0.12734629611113052,0.26666666666666666
2025-05-29,DBC,0.006609333266365877,0.039430074813892164,0.03333333333333333
2025-05-29,EEM,-0.00999119503876869,0.05467853117719582,0.16666666666666666
2025-05-29,EFA,-0.008435735806356759,0.06647092380186458,0.5333333333333333
2025-05-29,ETH-USD,-0.04437160893231053,0.26223774208726314,0.03333333333333333
2025-05-29,GLD,-0.008621430095926178,0.08425227911766954,0.6333333333333333
2025-05-29,HYG,-0.00496197396276532,0.0124633668353088,0.3
2025-05-29,IEF,0.005578717754328122,0.01859510975016381,0.0
2025-05-29,IWM,0.01688916217152893,0.2882035909615725,0.16666666666666666
2025-05-29,JPM,0.03178906627780225,0.09337913017156448,0.0
2025-05-29,LQD,0.004365234503089613,0.01999057880448023,0.0
2025-05-29,META,0.04142370428428357,0.30790556420331316,0.0
2025-05-29,MSFT,-0.02291573907498473,0.12848093830908677,0.1
2025-05-29,MU,0.04043621151981003,0.1835101996424376,0.0
2025-05-29,NVDA,-0.0291661539061665,0.15789053278600076,0.1
2025-05-29,QQQ,0.016822900331027,0.09378901334299404,0.23333333333333334
2025-05-29,SLV,0.010592407392556144,0.08385066641447726,0.13333333333333333
2025-05-29,SPY,0.0216503502704341,0.09387650168125673,0.26666666666666666
2025-05-29,TLT,0.001171952593023795,0.03954253544154204,0.3
2025-05-29,TSLA,0.05041997040337786,0.26765090301223093,0.03333333333333333
2025-05-29,USO,-0.00991061606535366,0.10571623696155329,0.23333333333333334
2025-05-29,UUP,-0.003423665113337212,0.030292733419707993,0.03333333333333333
2025-05-29,VNQ,0.01268264989714066,0.05850306919508717,0.06666666666666667
2025-05-29,WMT,0.026671306873064737,0.12227550408278595,0.06666666666666667
2025-05-29,XOM,-0.0005958988628634716,0.07057591634129132,0.13333333333333333
2025-05-30,AAPL,-0.007763008547905555,0.12292849351551333,0.03333333333333333
2025-05-30,AMD,0.03784227803392448,0.2188707438088204,0.03333333333333333
2025-05-30,AMZN,-0.02255106080008475,0.2773936580100645,0.1
2025-05-30,AVGO,0.009647821191938884,0.2508014659096616,0.03333333333333333
2025-05-30,BTC-USD,-0.005404125772862808,0.17995830816243402,0.03333333333333333
2025-05-30,DBC,0.010178415788757408,0.034704418233728704,0.03333333333333333
2025-05-30,EEM,0.006253210557502176,0.05235757275768999,0.1
2025-05-30,EFA,-0.0028202048811583613,0.08040596626116475,0.5
2025-05-30,ETH-USD,-0.03763872860436875,0.2184803200310419,0.0
2025-05-30,GLD,-0.0021260042898171294,0.10350529599016127,0.5
2025-05-30,HYG,-0.004478314680858745,0.015264731113261282,0.3333333333333333
2025-05-30,IEF,0.004873466295087647,0.026031347898857474,0.0
2025-05-30,IWM,0.013814329964049505,0.18208184565868754,0.1
2025-05-30,JPM,0.021161136362658855,0.09751367740484337,0.03333333333333333
2025-05-30,LQD,0.0016434413768801578,0.017418898340359246,0.03333333333333333
2025-05-30,META,-0.0015790227697049446,0.27130381763482386,0.0
2025-05-30,MSFT,-0.026902017170071034,0.1493519554972955,0.06666666666666667
2025-05-30,MU,0.034282049851505306,0.19028533767268646,0.0
2025-05-30,NVDA,0.010876483926511941,0.21760053616927577,0.0
2025-05-30,QQQ,0.013869149033265183,0.08106147290167616,0.1
2025-05-30,SLV,0.005742151472303614,0.12159128323598822,0.3
2025-05-30,SPY,0.0169790519504027,0.11927011514631075,0.13333333333333333
2025-05-30,TLT,0.0023300937775304733,0.05350438579152636,0.23333333333333334
2025-05-30,TSLA,0.042972992597450924,0.36876322283735347,0.0
2025-05-30,USO,-0.029509332800089993,0.15005445684507415,0.06666666666666667
2025-05-30,UUP,-0.0037095707379658062,0.03515093449763143,0.0
2025-05-30,VNQ,0.008821630676802517,0.04788784775815864,0.0
2025-05-30,WMT,0.009138539250370925,0.11430216854152726,0.03333333333333333
2025-05-30,XOM,-0.006791475315773224,0.06708430784491816,0.03333333333333333
2025-05-31,BTC-USD,0.005492186511504886,0.14168080139569827,0.3
2025-05-31,ETH-USD,-0.01665034613870531,0.20588440697897387,0.0
2025-06-01,BTC-USD,-0.002025192894909826,0.10553467412493557,0.3333333333333333
2025-06-01,ETH-USD,-0.03259089071840364,0.16739247421942086,0.0
2025-06-02,AAPL,-0.018239387223021146,0.10501765761660353,0.06666666666666667
2025-06-02,AMD,0.02568117622730393,0.17180378809579674,0.03333333333333333
2025-06-02,AMZN,-0.03481489423255414,0.3383484156346973,0.23333333333333334
2025-06-02,AVGO,-0.014468693695591166,0.26961442039098993,0.06666666666666667
2025-06-02,BTC-USD,-0.02260057845703536,0.13310211861331897,0.4
2025-06-02,DBC,0.00870682904581412,0.07972450822628237,0.2
2025-06-02,EEM,0.004874128212845541,0.07312354788510611,0.2
2025-06-02,EFA,-0.029377770011302724,0.11207617913530861,0.3333333333333333
2025-06-02,ETH-USD,-0.055858954733224754,0.20253091539122753,0.0
2025-06-02,GLD,-0.02358775548691187,0.11509052367678378,0.5333333333333333
2025-06-02,HYG,-0.0063512057238457615,0.023451779384548524,0.06666666666666667
2025-06-02,IEF,0.0025818713900810993,0.05449699428001066,0.1
2025-06-02,IWM,-0.00012648395059205637,0.1928349678633551,0.13333333333333333
2025-06-02,JPM,0.021845867521633946,0.1009596302843757,0.0
2025-06-02,LQD,-6.590055063575573e-05,0.03521960395265935,0.03333333333333333
2025-06-02,META,0.039294025995552984,0.15100184989887833,0.0
2025-06-02,MSFT,-0.04299690295772166,0.1152743315193857,0.06666666666666667
2025-06-02,MU,0.026493832242672242,0.21024638909305934,0.0
2025-06-02,NVDA,-0.0007463441628508834,0.24956003365624455,0.0
2025-06-02,QQQ,0.008596828965714431,0.10098063687150328,0.23333333333333334
2025-06-02,SLV,-0.028643024801730935,0.06922323746155358,0.5666666666666667
2025-06-02,SPY,0.014465987018622806,0.10176580024321084,0.16666666666666666
2025-06-02,TLT,0.003899662652596103,0.039135745263535714,0.06666666666666667
2025-06-02,TSLA,0.004382717445646045,0.29876291328104626,0.0
2025-06-02,USO,-0.03464120127362067,0.25503349877139164,0.36666666666666664
2025-06-02,UUP,-0.002595661391741022,0.02988766840574896,0.0
2025-06-02,VNQ,0.003873250936164034,0.07973428317598254,0.06666666666666667
2025-06-02,WMT,0.01920067856075722,0.0984120188563253,0.36666666666666664
2025-06-02,XOM,-0.015466479201476107,0.10039306874129166,0.26666666666666666
2025-06-03,AAPL,-0.02765187901318641,0.13884599788208227,0.03333333333333333
2025-06-03,AMD,0.00405987725330863,0.12711875448093765,0.1
2025-06-03,AMZN,-0.007488066345577626,0.23955777651266263,0.06666666666666667
2025-06-03,AVGO,-0.04075463270239664,0.1585940201040091,0.03333333333333333
2025-06-03,BTC-USD,-0.008681954493580358,0.15723329196493835,0.3
2025-06-03,DBC,0.0105309525135085,0.0731862664342194,0.06666666666666667
